<step title="BackgroundTrace" date="2018-12-09T21:53:03.871" instance="798166" url="/api/siteextensions/AspNetCoreRuntime.2.2.x64" method="PUT" Connection="Keep-Alive" Accept="application/json" Accept-Encoding="gzip,deflate" Accept-Language="en.en-us,en-US" Expect="100-continue" Host="ftworkoutapi.scm.azurewebsites.net" Referer="https://management.azure.com/subscriptions/4274513d-d20d-43aa-a723-c12ca2557952/resourcegroups/FTWorkoutAPI/providers/microsoft.web/sites/FTWorkoutAPI/siteextensions/AspNetCoreRuntime.2.2.x64?api-version=2016-03-01" User-Agent="Portal-Exp/5.12.34.334,(Websites),Mozilla/5.0,(Windows NT 10.0; Win64; x64),AppleWebKit/537.36,(KHTML%2C like Gecko),Chrome/70.0.3538.110,Safari/537.36" x-ms-version="2016-03-01" x-ms-client-request-id="c6cd228e-4f51-466b-b448-c7d062c3001b" x-ms-client-session-id="f77c645694f6458d972e006bcbf6065f" x-ms-arm-request-tracking-id="f967c819-4bb8-41d6-940f-f2c31c860bbc" x-ms-correlation-request-id="f967c819-4bb8-41d6-940f-f2c31c860bbc" x-ms-routing-request-id="EASTUS:20181209T215303Z:f967c819-4bb8-41d6-940f-f2c31c860bbc" x-ms-client-location="eastus" x-ms-home-tenant-id="659a799a-a93b-4710-a0de-b9f4bd5734c5" x-ms-client-ip-address="168.62.53.182" x-ms-arm-service-request-id="3d67a1ed-186e-4928-a89c-a4ffc60dd6ab" x-ms-client-audience="https://management.core.windows.net/" x-ms-client-scope="user_impersonation" x-ms-client-acr="1" x-ms-client-app-id="c44b4083-3bb0-49c1-b47d-974e53cbdf3c" x-ms-client-app-id-acr="2" x-ms-client-tenant-id="659a799a-a93b-4710-a0de-b9f4bd5734c5" x-ms-client-issuer="https://sts.windows.net/659a799a-a93b-4710-a0de-b9f4bd5734c5/" x-ms-client-object-id="c7063f59-6634-4c86-a887-406c5c80bd82" x-ms-client-principal-id="00037FFEB5CE165E" x-ms-client-authorization-source="Legacy" x-ms-client-identity-provider="live.com" x-ms-client-wids="62e90394-69f5-4237-9190-012177145e10" x-ms-client-authentication-methods="pwd" x-ms-client-family-name-encoded="U2ltb25l" x-ms-client-given-name-encoded="VmluY2VudA==" x-ms-activity-vector="IN.0H" x-ms-from-geomaster="true" x-ms-via-extensions-route="true" x-ms-geo-location="East US" X-WAWS-Unencoded-URL="/api/siteextensions/AspNetCoreRuntime.2.2.x64?api-version=2016-03-01" CLIENT-IP="70.37.57.58:60096" IS-SERVICE-TUNNELED="0" X-ARR-LOG-ID="f7d8707c-5670-4ba7-8489-21849fe3723b" X-SITE-DEPLOYMENT-ID="FTWorkoutAPI" WAS-DEFAULT-HOSTNAME="ftworkoutapi.scm.azurewebsites.net" X-Forwarded-Proto="https" >
  <step title="Background thread started for AspNetCoreRuntime.2.2.x64 installation" date="2018-12-09T21:53:03.871" >
    <step title="Installing &apos;AspNetCoreRuntime.2.2.x64&apos; version &apos;&apos; from &apos;&apos;" date="2018-12-09T21:53:03.871" >
      <step title="Version is null, search latest package by id: AspNetCoreRuntime.2.2.x64, will not search for unlisted package." date="2018-12-09T21:53:03.980" /><!-- duration: 109ms -->
      <step title="Install package: AspNetCoreRuntime.2.2.x64." date="2018-12-09T21:53:04.090" >
        <step title="Download site extension: AspNetCoreRuntime.2.2.x64.2.2.0-preview3-35497" date="2018-12-09T21:53:04.105" /><!-- duration: 35288ms -->
        <step title="Check if applicationHost.xdt or scmApplicationHost.xdt file existed." date="2018-12-09T21:53:39.409" /><!-- duration: 0ms -->
        <step title="Trigger site extension job" date="2018-12-09T21:53:39.409" /><!-- duration: 16ms -->
        <step title="Execute install.cmd" date="2018-12-09T21:53:39.425" /><!-- duration: 656ms -->
      </step><!-- duration: 36648ms -->
      <step title="Update arm settings for AspNetCoreRuntime.2.2.x64 installation. Status: OK" date="2018-12-09T21:53:40.941" /><!-- duration: 78ms -->
    </step><!-- duration: 37163ms -->
  </step><!-- duration: 37163ms -->
</step><!-- duration: 37194ms -->
