<step title="BackgroundTrace" date="2018-12-01T17:17:03.653" instance="798166" url="/api/zipdeploy" method="POST" >
  <step title="Creating temporary deployment" date="2018-12-01T17:17:03.653" /><!-- duration: 16ms -->
  <step title="Performing fetch based deployment" date="2018-12-01T17:17:03.668" >
    <step title="Cleaning up temp folders from previous zip deployments and extracting pushed zip file D:\local\Temp\zipdeploy\ftyauk4w.zip (5.60 MB) to D:\local\Temp\zipdeploy\extracted" date="2018-12-01T17:17:03.700" /><!-- duration: 2594ms -->
    <step title="DeploymentManager.Deploy(id:aed530339d544abe8390033af9d4adbc)" date="2018-12-01T17:17:06.309" >
      <step title="Collecting changeset information" date="2018-12-01T17:17:06.340" /><!-- duration: 16ms -->
      <step title="Updating submodules" date="2018-12-01T17:17:06.372" /><!-- duration: 16ms -->
      <step title="Determining deployment builder" date="2018-12-01T17:17:06.450" >
        <step title="Builder is BasicBuilder" date="2018-12-01T17:17:06.450" /><!-- duration: 16ms -->
      </step><!-- duration: 16ms -->
      <step title="Copying SSH keys" date="2018-12-01T17:17:06.481" /><!-- duration: 0ms -->
      <step title="Building" date="2018-12-01T17:17:06.481" >
        <step title="Generating deployment script" date="2018-12-01T17:17:06.512" >
          <step title="Using cached version of the deployment script for command: -y --no-dot-deployment -r &quot;D:\local\Temp\zipdeploy\extracted&quot; -o &quot;D:\home\site\deployments\tools&quot; --basic --sitePath &quot;D:\local\Temp\zipdeploy\extracted&quot;" date="2018-12-01T17:17:06.512" /><!-- duration: 0ms -->
        </step><!-- duration: 16ms -->
        <step title="Executing external process" date="2018-12-01T17:17:06.559" type="process" path="starter.cmd" arguments="&quot;D:\home\site\deployments\tools\deploy.cmd&quot;" /><!-- duration: 2078ms -->
        <step title="Skip function trigger and logicapp sync because function is not enabled." date="2018-12-01T17:17:08.669" /><!-- duration: 16ms -->
      </step><!-- duration: 2344ms -->
    </step><!-- duration: 2531ms -->
    <step title="Cleaning up temp files" date="2018-12-01T17:17:08.840" /><!-- duration: 0ms -->
    <step title="WebHooksManager.PublishEventAsync: PostDeployment" date="2018-12-01T17:17:08.856" /><!-- duration: 0ms -->
  </step><!-- duration: 5219ms -->
</step><!-- duration: 5235ms -->
