<step title="BackgroundTrace" date="2018-12-01T17:31:05.787" instance="798166" url="/api/zipdeploy" method="POST" >
  <step title="Creating temporary deployment" date="2018-12-01T17:31:05.802" /><!-- duration: 0ms -->
  <step title="Performing fetch based deployment" date="2018-12-01T17:31:05.818" >
    <step title="Cleaning up temp folders from previous zip deployments and extracting pushed zip file D:\local\Temp\zipdeploy\dfozmewd.zip (5.60 MB) to D:\local\Temp\zipdeploy\extracted" date="2018-12-01T17:31:05.833" /><!-- duration: 828ms -->
    <step title="DeploymentManager.Deploy(id:1b2dec524ddf4882b1c2bb9356d6f199)" date="2018-12-01T17:31:06.662" >
      <step title="Collecting changeset information" date="2018-12-01T17:31:06.677" /><!-- duration: 31ms -->
      <step title="Updating submodules" date="2018-12-01T17:31:06.708" /><!-- duration: 31ms -->
      <step title="Determining deployment builder" date="2018-12-01T17:31:06.787" >
        <step title="Builder is BasicBuilder" date="2018-12-01T17:31:06.787" /><!-- duration: 0ms -->
      </step><!-- duration: 0ms -->
      <step title="Copying SSH keys" date="2018-12-01T17:31:06.802" /><!-- duration: 16ms -->
      <step title="Building" date="2018-12-01T17:31:06.818" >
        <step title="Generating deployment script" date="2018-12-01T17:31:06.833" >
          <step title="Using cached version of the deployment script for command: -y --no-dot-deployment -r &quot;D:\local\Temp\zipdeploy\extracted&quot; -o &quot;D:\home\site\deployments\tools&quot; --basic --sitePath &quot;D:\local\Temp\zipdeploy\extracted&quot;" date="2018-12-01T17:31:06.849" /><!-- duration: 0ms -->
        </step><!-- duration: 16ms -->
        <step title="Executing external process" date="2018-12-01T17:31:06.880" type="process" path="starter.cmd" arguments="&quot;D:\home\site\deployments\tools\deploy.cmd&quot;" /><!-- duration: 1125ms -->
        <step title="Skip function trigger and logicapp sync because function is not enabled." date="2018-12-01T17:31:08.021" /><!-- duration: 0ms -->
      </step><!-- duration: 1375ms -->
    </step><!-- duration: 1547ms -->
    <step title="Cleaning up temp files" date="2018-12-01T17:31:08.208" /><!-- duration: 0ms -->
    <step title="WebHooksManager.PublishEventAsync: PostDeployment" date="2018-12-01T17:31:08.224" /><!-- duration: 0ms -->
  </step><!-- duration: 2438ms -->
</step><!-- duration: 2469ms -->
