<step title="BackgroundTrace" date="2018-11-30T21:54:27.509" instance="798166" url="/api/zipdeploy" method="POST" >
  <step title="Creating temporary deployment" date="2018-11-30T21:54:27.572" /><!-- duration: 31ms -->
  <step title="Performing fetch based deployment" date="2018-11-30T21:54:27.618" >
    <step title="Cleaning up temp folders from previous zip deployments and extracting pushed zip file D:\local\Temp\zipdeploy\oflsk02v.zip (5.60 MB) to D:\local\Temp\zipdeploy\extracted" date="2018-11-30T21:54:27.697" /><!-- duration: 969ms -->
    <step title="DeploymentManager.Deploy(id:ff6b524407784428a5d0250fcf0ceed6)" date="2018-11-30T21:54:28.681" >
      <step title="Collecting changeset information" date="2018-11-30T21:54:28.697" /><!-- duration: 375ms -->
      <step title="Updating submodules" date="2018-11-30T21:54:29.072" /><!-- duration: 31ms -->
      <step title="Determining deployment builder" date="2018-11-30T21:54:29.181" >
        <step title="Builder is BasicBuilder" date="2018-11-30T21:54:29.181" /><!-- duration: 16ms -->
      </step><!-- duration: 16ms -->
      <step title="Copying SSH keys" date="2018-11-30T21:54:29.212" /><!-- duration: 16ms -->
      <step title="Building" date="2018-11-30T21:54:29.228" >
        <step title="Generating deployment script" date="2018-11-30T21:54:29.259" >
          <step title="Executing external process" date="2018-11-30T21:54:29.306" type="process" path="starter.cmd" arguments="&quot;D:\Program Files (x86)\SiteExtensions\Kudu\79.11115.3647\bin\node_modules\.bin\kuduscript.cmd&quot; -y --no-dot-deployment -r &quot;D:\local\Temp\zipdeploy\extracted&quot; -o &quot;D:\home\site\deployments\tools&quot; --basic --sitePath &quot;D:\local\Temp\zipdeploy\extracted&quot;" /><!-- duration: 1172ms -->
          <step title="Saved cached version of the deployment script for command -y --no-dot-deployment -r &quot;D:\local\Temp\zipdeploy\extracted&quot; -o &quot;D:\home\site\deployments\tools&quot; --basic --sitePath &quot;D:\local\Temp\zipdeploy\extracted&quot;" date="2018-11-30T21:54:30.478" /><!-- duration: 0ms -->
        </step><!-- duration: 1219ms -->
        <step title="Executing external process" date="2018-11-30T21:54:30.525" type="process" path="starter.cmd" arguments="&quot;D:\home\site\deployments\tools\deploy.cmd&quot;" /><!-- duration: 2016ms -->
        <step title="Skip function trigger and logicapp sync because function is not enabled." date="2018-11-30T21:54:32.619" /><!-- duration: 0ms -->
      </step><!-- duration: 3516ms -->
    </step><!-- duration: 4078ms -->
    <step title="Cleaning up temp files" date="2018-11-30T21:54:32.759" /><!-- duration: 0ms -->
    <step title="WebHooksManager.PublishEventAsync: PostDeployment" date="2018-11-30T21:54:32.775" /><!-- duration: 31ms -->
  </step><!-- duration: 5219ms -->
</step><!-- duration: 5344ms -->
