<step title="BackgroundTrace" date="2018-12-01T17:21:35.454" instance="798166" url="/api/zipdeploy" method="POST" >
  <step title="Creating temporary deployment" date="2018-12-01T17:21:35.454" /><!-- duration: 16ms -->
  <step title="Performing fetch based deployment" date="2018-12-01T17:21:35.470" >
    <step title="Cleaning up temp folders from previous zip deployments and extracting pushed zip file D:\local\Temp\zipdeploy\1an0jvg2.zip (5.60 MB) to D:\local\Temp\zipdeploy\extracted" date="2018-12-01T17:21:35.501" /><!-- duration: 941ms -->
    <step title="DeploymentManager.Deploy(id:c8cc124d6d1e4b56bb032765144855ef)" date="2018-12-01T17:21:36.442" >
      <step title="Collecting changeset information" date="2018-12-01T17:21:36.454" /><!-- duration: 234ms -->
      <step title="Updating submodules" date="2018-12-01T17:21:36.689" /><!-- duration: 31ms -->
      <step title="Determining deployment builder" date="2018-12-01T17:21:36.767" >
        <step title="Builder is BasicBuilder" date="2018-12-01T17:21:36.767" /><!-- duration: 0ms -->
      </step><!-- duration: 16ms -->
      <step title="Copying SSH keys" date="2018-12-01T17:21:36.783" /><!-- duration: 16ms -->
      <step title="Building" date="2018-12-01T17:21:36.798" >
        <step title="Generating deployment script" date="2018-12-01T17:21:36.814" >
          <step title="Using cached version of the deployment script for command: -y --no-dot-deployment -r &quot;D:\local\Temp\zipdeploy\extracted&quot; -o &quot;D:\home\site\deployments\tools&quot; --basic --sitePath &quot;D:\local\Temp\zipdeploy\extracted&quot;" date="2018-12-01T17:21:36.829" /><!-- duration: 0ms -->
        </step><!-- duration: 16ms -->
        <step title="Executing external process" date="2018-12-01T17:21:36.876" type="process" path="starter.cmd" arguments="&quot;D:\home\site\deployments\tools\deploy.cmd&quot;" /><!-- duration: 1016ms -->
        <step title="Skip function trigger and logicapp sync because function is not enabled." date="2018-12-01T17:21:37.923" /><!-- duration: 0ms -->
      </step><!-- duration: 1297ms -->
    </step><!-- duration: 1653ms -->
    <step title="Cleaning up temp files" date="2018-12-01T17:21:38.111" /><!-- duration: 0ms -->
    <step title="WebHooksManager.PublishEventAsync: PostDeployment" date="2018-12-01T17:21:38.111" /><!-- duration: 15ms -->
  </step><!-- duration: 2672ms -->
</step><!-- duration: 2703ms -->
