<step title="BackgroundTrace" date="2018-12-01T17:20:59.492" instance="798166" url="/api/zipdeploy" method="POST" >
  <step title="Creating temporary deployment" date="2018-12-01T17:20:59.492" /><!-- duration: 16ms -->
  <step title="Performing fetch based deployment" date="2018-12-01T17:20:59.524" >
    <step title="Cleaning up temp folders from previous zip deployments and extracting pushed zip file D:\local\Temp\zipdeploy\ygnx2fuz.zip (5.60 MB) to D:\local\Temp\zipdeploy\extracted" date="2018-12-01T17:20:59.570" /><!-- duration: 922ms -->
    <step title="DeploymentManager.Deploy(id:d38980cea2754efebd7a0c19eb1a4313)" date="2018-12-01T17:21:00.508" >
      <step title="Collecting changeset information" date="2018-12-01T17:21:00.524" /><!-- duration: 31ms -->
      <step title="Updating submodules" date="2018-12-01T17:21:00.555" /><!-- duration: 31ms -->
      <step title="Determining deployment builder" date="2018-12-01T17:21:00.633" >
        <step title="Builder is BasicBuilder" date="2018-12-01T17:21:00.633" /><!-- duration: 0ms -->
      </step><!-- duration: 0ms -->
      <step title="Copying SSH keys" date="2018-12-01T17:21:00.649" /><!-- duration: 16ms -->
      <step title="Building" date="2018-12-01T17:21:00.665" >
        <step title="Generating deployment script" date="2018-12-01T17:21:00.680" >
          <step title="Using cached version of the deployment script for command: -y --no-dot-deployment -r &quot;D:\local\Temp\zipdeploy\extracted&quot; -o &quot;D:\home\site\deployments\tools&quot; --basic --sitePath &quot;D:\local\Temp\zipdeploy\extracted&quot;" date="2018-12-01T17:21:00.695" /><!-- duration: 0ms -->
        </step><!-- duration: 16ms -->
        <step title="Executing external process" date="2018-12-01T17:21:00.742" type="process" path="starter.cmd" arguments="&quot;D:\home\site\deployments\tools\deploy.cmd&quot;" /><!-- duration: 1172ms -->
        <step title="Skip function trigger and logicapp sync because function is not enabled." date="2018-12-01T17:21:01.946" /><!-- duration: 0ms -->
      </step><!-- duration: 1421ms -->
    </step><!-- duration: 1578ms -->
    <step title="Cleaning up temp files" date="2018-12-01T17:21:02.102" /><!-- duration: 0ms -->
    <step title="WebHooksManager.PublishEventAsync: PostDeployment" date="2018-12-01T17:21:02.102" /><!-- duration: 16ms -->
  </step><!-- duration: 2609ms -->
</step><!-- duration: 2656ms -->
