<step title="BackgroundTrace" date="2018-12-01T17:07:11.227" instance="798166" url="/api/zipdeploy" method="POST" >
  <step title="Creating temporary deployment" date="2018-12-01T17:07:11.306" /><!-- duration: 63ms -->
  <step title="Performing fetch based deployment" date="2018-12-01T17:07:11.384" >
    <step title="Cleaning up temp folders from previous zip deployments and extracting pushed zip file D:\local\Temp\zipdeploy\ya0q3p5o.zip (5.60 MB) to D:\local\Temp\zipdeploy\extracted" date="2018-12-01T17:07:11.462" /><!-- duration: 938ms -->
    <step title="DeploymentManager.Deploy(id:6791c31cc9744f239a0b838682ea37f3)" date="2018-12-01T17:07:12.415" >
      <step title="Collecting changeset information" date="2018-12-01T17:07:12.431" /><!-- duration: 47ms -->
      <step title="Updating submodules" date="2018-12-01T17:07:12.477" /><!-- duration: 16ms -->
      <step title="Determining deployment builder" date="2018-12-01T17:07:12.571" >
        <step title="Builder is BasicBuilder" date="2018-12-01T17:07:12.571" /><!-- duration: 0ms -->
      </step><!-- duration: 0ms -->
      <step title="Copying SSH keys" date="2018-12-01T17:07:12.759" /><!-- duration: 0ms -->
      <step title="Building" date="2018-12-01T17:07:12.774" >
        <step title="Generating deployment script" date="2018-12-01T17:07:12.790" >
          <step title="Using cached version of the deployment script for command: -y --no-dot-deployment -r &quot;D:\local\Temp\zipdeploy\extracted&quot; -o &quot;D:\home\site\deployments\tools&quot; --basic --sitePath &quot;D:\local\Temp\zipdeploy\extracted&quot;" date="2018-12-01T17:07:12.821" /><!-- duration: 0ms -->
        </step><!-- duration: 47ms -->
        <step title="Executing external process" date="2018-12-01T17:07:12.884" type="process" path="starter.cmd" arguments="&quot;D:\home\site\deployments\tools\deploy.cmd&quot;" /><!-- duration: 2502ms -->
        <step title="Skip function trigger and logicapp sync because function is not enabled." date="2018-12-01T17:07:15.446" /><!-- duration: 0ms -->
      </step><!-- duration: 3078ms -->
    </step><!-- duration: 3453ms -->
    <step title="Cleaning up temp files" date="2018-12-01T17:07:15.868" /><!-- duration: 0ms -->
    <step title="WebHooksManager.PublishEventAsync: PostDeployment" date="2018-12-01T17:07:15.884" /><!-- duration: 47ms -->
  </step><!-- duration: 4594ms -->
</step><!-- duration: 4766ms -->
