<step title="BackgroundTrace" date="2018-12-09T18:43:54.627" instance="798166" url="/api/zipdeploy" method="POST" >
  <step title="Creating temporary deployment" date="2018-12-09T18:43:54.658" /><!-- duration: 31ms -->
  <step title="Performing fetch based deployment" date="2018-12-09T18:43:54.690" >
    <step title="Cleaning up temp folders from previous zip deployments and extracting pushed zip file D:\local\Temp\zipdeploy\ocmbcoju.zip (5.26 MB) to D:\local\Temp\zipdeploy\extracted" date="2018-12-09T18:43:54.783" /><!-- duration: 813ms -->
    <step title="DeploymentManager.Deploy(id:f54ad3c7c61b47adaf5bae867dc6fe92)" date="2018-12-09T18:43:55.612" >
      <step title="Collecting changeset information" date="2018-12-09T18:43:55.627" /><!-- duration: 219ms -->
      <step title="Updating submodules" date="2018-12-09T18:43:55.846" /><!-- duration: 31ms -->
      <step title="Determining deployment builder" date="2018-12-09T18:43:55.940" >
        <step title="Builder is BasicBuilder" date="2018-12-09T18:43:55.940" /><!-- duration: 0ms -->
      </step><!-- duration: 16ms -->
      <step title="Copying SSH keys" date="2018-12-09T18:43:55.971" /><!-- duration: 0ms -->
      <step title="Building" date="2018-12-09T18:43:55.971" >
        <step title="Generating deployment script" date="2018-12-09T18:43:56.002" >
          <step title="Using cached version of the deployment script for command: -y --no-dot-deployment -r &quot;D:\local\Temp\zipdeploy\extracted&quot; -o &quot;D:\home\site\deployments\tools&quot; --basic --sitePath &quot;D:\local\Temp\zipdeploy\extracted&quot;" date="2018-12-09T18:43:56.018" /><!-- duration: 0ms -->
        </step><!-- duration: 16ms -->
        <step title="Executing external process" date="2018-12-09T18:43:56.065" type="process" path="starter.cmd" arguments="&quot;D:\home\site\deployments\tools\deploy.cmd&quot;" /><!-- duration: 1063ms -->
        <step title="Skip function trigger and logicapp sync because function is not enabled." date="2018-12-09T18:43:57.174" /><!-- duration: 0ms -->
        <step title="Purge deployment items" date="2018-12-09T18:43:57.362" >
          <step title="Remove 86f8537b1, Success, received at 12/1/2018 12:33:14 AM" date="2018-12-09T18:43:57.487" /><!-- duration: 16ms -->
        </step><!-- duration: 141ms -->
      </step><!-- duration: 1547ms -->
    </step><!-- duration: 1906ms -->
    <step title="Cleaning up temp files" date="2018-12-09T18:43:57.518" /><!-- duration: 0ms -->
    <step title="WebHooksManager.PublishEventAsync: PostDeployment" date="2018-12-09T18:43:57.534" /><!-- duration: 47ms -->
  </step><!-- duration: 2922ms -->
</step><!-- duration: 2984ms -->
