<step title="BackgroundTrace" date="2018-12-01T22:26:40.953" instance="798166" url="/api/zipdeploy" method="POST" >
  <step title="Creating temporary deployment" date="2018-12-01T22:26:41.016" /><!-- duration: 31ms -->
  <step title="Performing fetch based deployment" date="2018-12-01T22:26:41.062" >
    <step title="Cleaning up temp folders from previous zip deployments and extracting pushed zip file D:\local\Temp\zipdeploy\4avmgich.zip (8.47 MB) to D:\local\Temp\zipdeploy\extracted" date="2018-12-01T22:26:41.141" /><!-- duration: 1505ms -->
    <step title="DeploymentManager.Deploy(id:c970e94e3a444a16922d8dc77371481c)" date="2018-12-01T22:26:42.656" >
      <step title="Collecting changeset information" date="2018-12-01T22:26:42.690" /><!-- duration: 247ms -->
      <step title="Updating submodules" date="2018-12-01T22:26:42.937" /><!-- duration: 31ms -->
      <step title="Determining deployment builder" date="2018-12-01T22:26:43.031" >
        <step title="Builder is BasicBuilder" date="2018-12-01T22:26:43.047" /><!-- duration: 0ms -->
      </step><!-- duration: 16ms -->
      <step title="Copying SSH keys" date="2018-12-01T22:26:43.094" /><!-- duration: 0ms -->
      <step title="Building" date="2018-12-01T22:26:43.094" >
        <step title="Generating deployment script" date="2018-12-01T22:26:43.125" >
          <step title="Using cached version of the deployment script for command: -y --no-dot-deployment -r &quot;D:\local\Temp\zipdeploy\extracted&quot; -o &quot;D:\home\site\deployments\tools&quot; --basic --sitePath &quot;D:\local\Temp\zipdeploy\extracted&quot;" date="2018-12-01T22:26:43.156" /><!-- duration: 0ms -->
        </step><!-- duration: 47ms -->
        <step title="Executing external process" date="2018-12-01T22:26:43.234" type="process" path="starter.cmd" arguments="&quot;D:\home\site\deployments\tools\deploy.cmd&quot;" /><!-- duration: 3308ms -->
        <step title="Skip function trigger and logicapp sync because function is not enabled." date="2018-12-01T22:26:46.605" /><!-- duration: 0ms -->
        <step title="Purge deployment items" date="2018-12-01T22:26:47.558" >
          <step title="Remove 4ad6e3bfe, Success, received at 11/30/2018 9:57:52 PM" date="2018-12-01T22:26:47.605" /><!-- duration: 0ms -->
        </step><!-- duration: 63ms -->
      </step><!-- duration: 4527ms -->
    </step><!-- duration: 4980ms -->
    <step title="Cleaning up temp files" date="2018-12-01T22:26:47.636" /><!-- duration: 0ms -->
    <step title="WebHooksManager.PublishEventAsync: PostDeployment" date="2018-12-01T22:26:47.652" /><!-- duration: 31ms -->
  </step><!-- duration: 6652ms -->
</step><!-- duration: 6761ms -->
