<step title="BackgroundTrace" date="2018-12-01T17:24:13.525" instance="798166" url="/api/zipdeploy" method="POST" >
  <step title="Creating temporary deployment" date="2018-12-01T17:24:13.525" /><!-- duration: 16ms -->
  <step title="Performing fetch based deployment" date="2018-12-01T17:24:13.556" >
    <step title="Cleaning up temp folders from previous zip deployments and extracting pushed zip file D:\local\Temp\zipdeploy\tgdybxpv.zip (5.60 MB) to D:\local\Temp\zipdeploy\extracted" date="2018-12-01T17:24:13.571" /><!-- duration: 1109ms -->
    <step title="DeploymentManager.Deploy(id:d9e10f29422b4f74b88e98495447b28c)" date="2018-12-01T17:24:14.681" >
      <step title="Collecting changeset information" date="2018-12-01T17:24:14.697" /><!-- duration: 234ms -->
      <step title="Updating submodules" date="2018-12-01T17:24:14.947" /><!-- duration: 31ms -->
      <step title="Determining deployment builder" date="2018-12-01T17:24:15.025" >
        <step title="Builder is BasicBuilder" date="2018-12-01T17:24:15.025" /><!-- duration: 0ms -->
      </step><!-- duration: 0ms -->
      <step title="Copying SSH keys" date="2018-12-01T17:24:15.040" /><!-- duration: 16ms -->
      <step title="Building" date="2018-12-01T17:24:15.056" >
        <step title="Generating deployment script" date="2018-12-01T17:24:15.087" >
          <step title="Using cached version of the deployment script for command: -y --no-dot-deployment -r &quot;D:\local\Temp\zipdeploy\extracted&quot; -o &quot;D:\home\site\deployments\tools&quot; --basic --sitePath &quot;D:\local\Temp\zipdeploy\extracted&quot;" date="2018-12-01T17:24:15.103" /><!-- duration: 0ms -->
        </step><!-- duration: 16ms -->
        <step title="Executing external process" date="2018-12-01T17:24:15.150" type="process" path="starter.cmd" arguments="&quot;D:\home\site\deployments\tools\deploy.cmd&quot;" /><!-- duration: 1188ms -->
        <step title="Skip function trigger and logicapp sync because function is not enabled." date="2018-12-01T17:24:16.353" /><!-- duration: 0ms -->
      </step><!-- duration: 1469ms -->
    </step><!-- duration: 1844ms -->
    <step title="Cleaning up temp files" date="2018-12-01T17:24:16.540" /><!-- duration: 0ms -->
    <step title="WebHooksManager.PublishEventAsync: PostDeployment" date="2018-12-01T17:24:16.556" /><!-- duration: 16ms -->
  </step><!-- duration: 3031ms -->
</step><!-- duration: 3078ms -->
