<step title="Incoming Request" date="2018-12-01T17:20:26.130" instance="798166" url="/command" method="POST" type="request" pid="18620,2,80" Connection="Keep-Alive" Content-Length="76" Content-Type="application/json" Authorization="Bas..." Host="ftworkoutapi.scm.azurewebsites.net" X-WAWS-Unencoded-URL="/command" CLIENT-IP="168.62.53.182:46592" IS-SERVICE-TUNNELED="0" X-ARR-LOG-ID="17c3d4ef-385d-43ba-aac2-545e3d50454c" X-SITE-DEPLOYMENT-ID="FTWorkoutAPI" WAS-DEFAULT-HOSTNAME="ftworkoutapi.scm.azurewebsites.net" X-Forwarded-Proto="https" >
  <step title="Executing notepad &amp; echo. &amp; cd" date="2018-12-01T17:20:26.130" CWD="D:\home\site\wwwroot" >
    <step title="Cpu: notepad(24264,0.063s)+cmd(20904,0.078s)=total(0.141s)" date="2018-12-01T17:21:26.743" /><!-- duration: 0ms -->
    <step title="starter.cmd: no io activity for 61s, prev-cpu=-1.000s, current-cpu=0.141s" date="2018-12-01T17:21:26.743" /><!-- duration: 16ms -->
    <step title="Cpu: notepad(24264,0.063s)+cmd(20904,0.078s)=total(0.141s)" date="2018-12-01T17:22:27.294" /><!-- duration: 0ms -->
    <step title="starter.cmd: no io activity for 121s, prev-cpu=0.141s, current-cpu=0.141s" date="2018-12-01T17:22:27.294" /><!-- duration: 0ms -->
    <step title="Abort Process &apos;notepad(24264)&apos;." date="2018-12-01T17:22:27.341" /><!-- duration: 0ms -->
    <step title="Error occurred" date="2018-12-01T17:22:27.357" type="error" text="Command &apos;starter.cmd notepad &amp; echo. ...&apos; was aborted due to no output nor CPU activity for 60 seconds. You can increase the SCM_COMMAND_IDLE_TIMEOUT app setting (or WEBJOBS_IDLE_TIMEOUT if this is a WebJob) if needed.
starter.cmd notepad &amp; echo. &amp; cd" stackTrace="   at Kudu.Core.Infrastructure.IdleManager.WaitForExit(IProcess process) in C:\Kudu Files\Private\src\master\Kudu.Core\Infrastructure\IdleManager.cs:line 45
   at Kudu.Core.Commands.CommandExecutor.ExecuteCommand(String command, String workingDirectory) in C:\Kudu Files\Private\src\master\Kudu.Core\Commands\CommandExecutor.cs:line 74
   at Kudu.Services.Commands.CommandController.ExecuteCommand(JObject input) in C:\Kudu Files\Private\src\master\Kudu.Services\Commands\CommandController.cs:line 45" /><!-- duration: 0ms -->
  </step><!-- duration: 121227ms -->
  <step title="Outgoing response" date="2018-12-01T17:22:27.357" type="response" statusCode="200" statusText="OK" Server="Microsoft-IIS/10.0" x-ms-request-id="17c3d4ef-385d-43ba-aac2-545e3d50454c" Cache-Control="private" X-AspNet-Version="4.0.30319" Content-Type="application/json; charset=utf-8" /><!-- duration: 16ms -->
</step><!-- duration: 121242ms -->
