<step title="BackgroundTrace" date="2018-11-30T21:57:51.921" instance="798166" url="/api/zipdeploy" method="POST" >
  <step title="Creating temporary deployment" date="2018-11-30T21:57:51.937" /><!-- duration: 15ms -->
  <step title="Performing fetch based deployment" date="2018-11-30T21:57:51.952" >
    <step title="Cleaning up temp folders from previous zip deployments and extracting pushed zip file D:\local\Temp\zipdeploy\zmwh3lqo.zip (5.60 MB) to D:\local\Temp\zipdeploy\extracted" date="2018-11-30T21:57:51.984" /><!-- duration: 875ms -->
    <step title="DeploymentManager.Deploy(id:4ad6e3bfecd04183b83b56922cea2a60)" date="2018-11-30T21:57:52.859" >
      <step title="Collecting changeset information" date="2018-11-30T21:57:52.890" /><!-- duration: 219ms -->
      <step title="Updating submodules" date="2018-11-30T21:57:53.124" /><!-- duration: 16ms -->
      <step title="Determining deployment builder" date="2018-11-30T21:57:53.187" >
        <step title="Builder is BasicBuilder" date="2018-11-30T21:57:53.187" /><!-- duration: 0ms -->
      </step><!-- duration: 0ms -->
      <step title="Copying SSH keys" date="2018-11-30T21:57:53.202" /><!-- duration: 16ms -->
      <step title="Building" date="2018-11-30T21:57:53.218" >
        <step title="Generating deployment script" date="2018-11-30T21:57:53.249" >
          <step title="Using cached version of the deployment script for command: -y --no-dot-deployment -r &quot;D:\local\Temp\zipdeploy\extracted&quot; -o &quot;D:\home\site\deployments\tools&quot; --basic --sitePath &quot;D:\local\Temp\zipdeploy\extracted&quot;" date="2018-11-30T21:57:53.265" /><!-- duration: 0ms -->
        </step><!-- duration: 16ms -->
        <step title="Executing external process" date="2018-11-30T21:57:53.312" type="process" path="starter.cmd" arguments="&quot;D:\home\site\deployments\tools\deploy.cmd&quot;" /><!-- duration: 1078ms -->
        <step title="Skip function trigger and logicapp sync because function is not enabled." date="2018-11-30T21:57:54.421" /><!-- duration: 0ms -->
      </step><!-- duration: 1313ms -->
    </step><!-- duration: 1672ms -->
    <step title="Cleaning up temp files" date="2018-11-30T21:57:54.530" /><!-- duration: 16ms -->
    <step title="WebHooksManager.PublishEventAsync: PostDeployment" date="2018-11-30T21:57:54.562" /><!-- duration: 0ms -->
  </step><!-- duration: 2641ms -->
</step><!-- duration: 2672ms -->
