<step title="BackgroundTrace" date="2018-12-01T17:42:43.533" instance="798166" url="/api/zipdeploy" method="POST" >
  <step title="Creating temporary deployment" date="2018-12-01T17:42:43.548" /><!-- duration: 16ms -->
  <step title="Performing fetch based deployment" date="2018-12-01T17:42:43.564" >
    <step title="Cleaning up temp folders from previous zip deployments and extracting pushed zip file D:\local\Temp\zipdeploy\3cirvpgf.zip (5.60 MB) to D:\local\Temp\zipdeploy\extracted" date="2018-12-01T17:42:43.595" /><!-- duration: 1422ms -->
    <step title="DeploymentManager.Deploy(id:03a835a1c7884467afa6a03b8f652067)" date="2018-12-01T17:42:45.017" >
      <step title="Collecting changeset information" date="2018-12-01T17:42:45.033" /><!-- duration: 141ms -->
      <step title="Updating submodules" date="2018-12-01T17:42:45.173" /><!-- duration: 31ms -->
      <step title="Determining deployment builder" date="2018-12-01T17:42:45.252" >
        <step title="Builder is BasicBuilder" date="2018-12-01T17:42:45.252" /><!-- duration: 0ms -->
      </step><!-- duration: 0ms -->
      <step title="Copying SSH keys" date="2018-12-01T17:42:45.283" /><!-- duration: 0ms -->
      <step title="Building" date="2018-12-01T17:42:45.283" >
        <step title="Generating deployment script" date="2018-12-01T17:42:45.298" >
          <step title="Using cached version of the deployment script for command: -y --no-dot-deployment -r &quot;D:\local\Temp\zipdeploy\extracted&quot; -o &quot;D:\home\site\deployments\tools&quot; --basic --sitePath &quot;D:\local\Temp\zipdeploy\extracted&quot;" date="2018-12-01T17:42:45.314" /><!-- duration: 0ms -->
        </step><!-- duration: 31ms -->
        <step title="Executing external process" date="2018-12-01T17:42:45.377" type="process" path="starter.cmd" arguments="&quot;D:\home\site\deployments\tools\deploy.cmd&quot;" /><!-- duration: 1125ms -->
        <step title="Skip function trigger and logicapp sync because function is not enabled." date="2018-12-01T17:42:46.533" /><!-- duration: 0ms -->
        <step title="Purge deployment items" date="2018-12-01T17:42:46.689" >
          <step title="Remove ff6b52440, Success, received at 11/30/2018 9:54:28 PM" date="2018-12-01T17:42:46.752" /><!-- duration: 0ms -->
        </step><!-- duration: 62ms -->
      </step><!-- duration: 1484ms -->
    </step><!-- duration: 1750ms -->
    <step title="Cleaning up temp files" date="2018-12-01T17:42:46.767" /><!-- duration: 16ms -->
    <step title="WebHooksManager.PublishEventAsync: PostDeployment" date="2018-12-01T17:42:46.783" /><!-- duration: 16ms -->
  </step><!-- duration: 3250ms -->
</step><!-- duration: 3297ms -->
