<step title="BackgroundTrace" date="2018-11-30T22:04:38.240" instance="798166" url="/api/zipdeploy" method="POST" >
  <step title="Creating temporary deployment" date="2018-11-30T22:04:38.287" /><!-- duration: 16ms -->
  <step title="Performing fetch based deployment" date="2018-11-30T22:04:38.318" >
    <step title="Cleaning up temp folders from previous zip deployments and extracting pushed zip file D:\local\Temp\zipdeploy\fv5cm53s.zip (5.60 MB) to D:\local\Temp\zipdeploy\extracted" date="2018-11-30T22:04:38.334" /><!-- duration: 1078ms -->
    <step title="DeploymentManager.Deploy(id:895b649b3cc94d0b99ad8159a5924dea)" date="2018-11-30T22:04:39.412" >
      <step title="Collecting changeset information" date="2018-11-30T22:04:39.459" /><!-- duration: 47ms -->
      <step title="Updating submodules" date="2018-11-30T22:04:39.505" /><!-- duration: 16ms -->
      <step title="Determining deployment builder" date="2018-11-30T22:04:39.569" >
        <step title="Builder is BasicBuilder" date="2018-11-30T22:04:39.584" /><!-- duration: 0ms -->
      </step><!-- duration: 14ms -->
      <step title="Copying SSH keys" date="2018-11-30T22:04:39.599" /><!-- duration: 0ms -->
      <step title="Building" date="2018-11-30T22:04:39.599" >
        <step title="Generating deployment script" date="2018-11-30T22:04:39.630" >
          <step title="Using cached version of the deployment script for command: -y --no-dot-deployment -r &quot;D:\local\Temp\zipdeploy\extracted&quot; -o &quot;D:\home\site\deployments\tools&quot; --basic --sitePath &quot;D:\local\Temp\zipdeploy\extracted&quot;" date="2018-11-30T22:04:39.646" /><!-- duration: 0ms -->
        </step><!-- duration: 16ms -->
        <step title="Executing external process" date="2018-11-30T22:04:39.693" type="process" path="starter.cmd" arguments="&quot;D:\home\site\deployments\tools\deploy.cmd&quot;" /><!-- duration: 1156ms -->
        <step title="Skip function trigger and logicapp sync because function is not enabled." date="2018-11-30T22:04:40.912" /><!-- duration: 0ms -->
      </step><!-- duration: 1563ms -->
    </step><!-- duration: 1766ms -->
    <step title="Cleaning up temp files" date="2018-11-30T22:04:41.177" /><!-- duration: 0ms -->
    <step title="WebHooksManager.PublishEventAsync: PostDeployment" date="2018-11-30T22:04:41.193" /><!-- duration: 16ms -->
  </step><!-- duration: 2953ms -->
</step><!-- duration: 3031ms -->
