<step title="BackgroundTrace" date="2018-12-09T21:01:57.884" instance="798166" url="/api/zipdeploy" method="POST" >
  <step title="Creating temporary deployment" date="2018-12-09T21:01:57.946" /><!-- duration: 31ms -->
  <step title="Performing fetch based deployment" date="2018-12-09T21:01:57.993" >
    <step title="Cleaning up temp folders from previous zip deployments and extracting pushed zip file D:\local\Temp\zipdeploy\ii451ytw.zip (5.26 MB) to D:\local\Temp\zipdeploy\extracted" date="2018-12-09T21:01:58.087" /><!-- duration: 859ms -->
    <step title="DeploymentManager.Deploy(id:e0b4714bf16941a4ab2f82620928cca0)" date="2018-12-09T21:01:58.962" >
      <step title="Collecting changeset information" date="2018-12-09T21:01:58.978" /><!-- duration: 203ms -->
      <step title="Updating submodules" date="2018-12-09T21:01:59.181" /><!-- duration: 31ms -->
      <step title="Determining deployment builder" date="2018-12-09T21:01:59.275" >
        <step title="Builder is BasicBuilder" date="2018-12-09T21:01:59.290" /><!-- duration: 17ms -->
      </step><!-- duration: 33ms -->
      <step title="Copying SSH keys" date="2018-12-09T21:01:59.322" /><!-- duration: 15ms -->
      <step title="Building" date="2018-12-09T21:01:59.337" >
        <step title="Generating deployment script" date="2018-12-09T21:01:59.353" >
          <step title="Using cached version of the deployment script for command: -y --no-dot-deployment -r &quot;D:\local\Temp\zipdeploy\extracted&quot; -o &quot;D:\home\site\deployments\tools&quot; --basic --sitePath &quot;D:\local\Temp\zipdeploy\extracted&quot;" date="2018-12-09T21:01:59.384" /><!-- duration: 16ms -->
        </step><!-- duration: 47ms -->
        <step title="Executing external process" date="2018-12-09T21:01:59.446" type="process" path="starter.cmd" arguments="&quot;D:\home\site\deployments\tools\deploy.cmd&quot;" /><!-- duration: 1297ms -->
        <step title="Skip function trigger and logicapp sync because function is not enabled." date="2018-12-09T21:02:00.790" /><!-- duration: 0ms -->
        <step title="Purge deployment items" date="2018-12-09T21:02:00.978" >
          <step title="Remove 6791c31cc, Success, received at 12/1/2018 5:07:12 PM" date="2018-12-09T21:02:01.009" /><!-- duration: 0ms -->
        </step><!-- duration: 31ms -->
      </step><!-- duration: 1688ms -->
    </step><!-- duration: 2078ms -->
    <step title="Cleaning up temp files" date="2018-12-09T21:02:01.040" /><!-- duration: 0ms -->
    <step title="WebHooksManager.PublishEventAsync: PostDeployment" date="2018-12-09T21:02:01.056" /><!-- duration: 47ms -->
  </step><!-- duration: 3141ms -->
</step><!-- duration: 3250ms -->
