<step title="BackgroundTrace" date="2018-12-01T00:33:12.002" instance="798166" url="/api/zipdeploy" method="POST" >
  <step title="Creating temporary deployment" date="2018-12-01T00:33:12.065" /><!-- duration: 31ms -->
  <step title="Performing fetch based deployment" date="2018-12-01T00:33:12.111" >
    <step title="Cleaning up temp folders from previous zip deployments and extracting pushed zip file D:\local\Temp\zipdeploy\jaksls3c.zip (5.60 MB) to D:\local\Temp\zipdeploy\extracted" date="2018-12-01T00:33:12.190" /><!-- duration: 2063ms -->
    <step title="DeploymentManager.Deploy(id:86f8537b1905411a88d3bb6c8b489ea8)" date="2018-12-01T00:33:14.268" >
      <step title="Collecting changeset information" date="2018-12-01T00:33:14.283" /><!-- duration: 141ms -->
      <step title="Updating submodules" date="2018-12-01T00:33:14.424" /><!-- duration: 47ms -->
      <step title="Determining deployment builder" date="2018-12-01T00:33:14.518" >
        <step title="Builder is BasicBuilder" date="2018-12-01T00:33:14.541" /><!-- duration: 0ms -->
      </step><!-- duration: 24ms -->
      <step title="Copying SSH keys" date="2018-12-01T00:33:14.565" /><!-- duration: 0ms -->
      <step title="Building" date="2018-12-01T00:33:14.565" >
        <step title="Generating deployment script" date="2018-12-01T00:33:14.596" >
          <step title="Using cached version of the deployment script for command: -y --no-dot-deployment -r &quot;D:\local\Temp\zipdeploy\extracted&quot; -o &quot;D:\home\site\deployments\tools&quot; --basic --sitePath &quot;D:\local\Temp\zipdeploy\extracted&quot;" date="2018-12-01T00:33:14.612" /><!-- duration: 0ms -->
        </step><!-- duration: 32ms -->
        <step title="Executing external process" date="2018-12-01T00:33:14.674" type="process" path="starter.cmd" arguments="&quot;D:\home\site\deployments\tools\deploy.cmd&quot;" /><!-- duration: 1391ms -->
        <step title="Skip function trigger and logicapp sync because function is not enabled." date="2018-12-01T00:33:16.096" /><!-- duration: 16ms -->
      </step><!-- duration: 1750ms -->
    </step><!-- duration: 2047ms -->
    <step title="Cleaning up temp files" date="2018-12-01T00:33:16.315" /><!-- duration: 16ms -->
    <step title="WebHooksManager.PublishEventAsync: PostDeployment" date="2018-12-01T00:33:16.346" /><!-- duration: 31ms -->
  </step><!-- duration: 4297ms -->
</step><!-- duration: 4406ms -->
