<step title="BackgroundTrace" date="2018-12-09T18:33:05.404" instance="798166" url="/api/zipdeploy" method="POST" >
  <step title="Creating temporary deployment" date="2018-12-09T18:33:05.482" /><!-- duration: 94ms -->
  <step title="Performing fetch based deployment" date="2018-12-09T18:33:05.591" >
    <step title="Cleaning up temp folders from previous zip deployments and extracting pushed zip file D:\local\Temp\zipdeploy\sb2nwbyg.zip (5.26 MB) to D:\local\Temp\zipdeploy\extracted" date="2018-12-09T18:33:05.670" /><!-- duration: 875ms -->
    <step title="DeploymentManager.Deploy(id:5f2f8cc031104f01b2ace729c18a4464)" date="2018-12-09T18:33:06.560" >
      <step title="Collecting changeset information" date="2018-12-09T18:33:06.576" /><!-- duration: 63ms -->
      <step title="Updating submodules" date="2018-12-09T18:33:06.654" /><!-- duration: 16ms -->
      <step title="Determining deployment builder" date="2018-12-09T18:33:06.748" >
        <step title="Builder is BasicBuilder" date="2018-12-09T18:33:06.748" /><!-- duration: 16ms -->
      </step><!-- duration: 16ms -->
      <step title="Copying SSH keys" date="2018-12-09T18:33:06.966" /><!-- duration: 20ms -->
      <step title="Building" date="2018-12-09T18:33:06.986" >
        <step title="Generating deployment script" date="2018-12-09T18:33:07.013" >
          <step title="Executing external process" date="2018-12-09T18:33:07.045" type="process" path="starter.cmd" arguments="&quot;D:\Program Files (x86)\SiteExtensions\Kudu\79.11121.3655\bin\node_modules\.bin\kuduscript.cmd&quot; -y --no-dot-deployment -r &quot;D:\local\Temp\zipdeploy\extracted&quot; -o &quot;D:\home\site\deployments\tools&quot; --basic --sitePath &quot;D:\local\Temp\zipdeploy\extracted&quot;" /><!-- duration: 1406ms -->
          <step title="Saved cached version of the deployment script for command -y --no-dot-deployment -r &quot;D:\local\Temp\zipdeploy\extracted&quot; -o &quot;D:\home\site\deployments\tools&quot; --basic --sitePath &quot;D:\local\Temp\zipdeploy\extracted&quot;" date="2018-12-09T18:33:08.451" /><!-- duration: 0ms -->
        </step><!-- duration: 1438ms -->
        <step title="Executing external process" date="2018-12-09T18:33:08.513" type="process" path="starter.cmd" arguments="&quot;D:\home\site\deployments\tools\deploy.cmd&quot;" /><!-- duration: 6084ms -->
        <step title="Skip function trigger and logicapp sync because function is not enabled." date="2018-12-09T18:33:14.723" /><!-- duration: 16ms -->
        <step title="Purge deployment items" date="2018-12-09T18:33:17.567" >
          <step title="Remove 895b649b3, Success, received at 11/30/2018 10:04:39 PM" date="2018-12-09T18:33:17.676" /><!-- duration: 0ms -->
        </step><!-- duration: 109ms -->
      </step><!-- duration: 10706ms -->
    </step><!-- duration: 11131ms -->
    <step title="Cleaning up temp files" date="2018-12-09T18:33:17.692" /><!-- duration: 16ms -->
    <step title="WebHooksManager.PublishEventAsync: PostDeployment" date="2018-12-09T18:33:17.707" /><!-- duration: 63ms -->
  </step><!-- duration: 12225ms -->
</step><!-- duration: 12413ms -->
