﻿<?xml version="1.0" encoding="utf-8"?>
<deployment>
  <id>c8cc124d6d1e4b56bb032765144855ef</id>
  <author>N/A</author>
  <deployer>Push-Deployer</deployer>
  <authorEmail>N/A</authorEmail>
  <message>Created via a push deployment</message>
  <progress></progress>
  <status>Success</status>
  <statusText></statusText>
  <lastSuccessEndTime>2018-12-01T17:21:37.9549633Z</lastSuccessEndTime>
  <receivedTime>2018-12-01T17:21:36.454928Z</receivedTime>
  <startTime>2018-12-01T17:21:36.7674263Z</startTime>
  <endTime>2018-12-01T17:21:37.9549633Z</endTime>
  <complete>True</complete>
  <is_temp>False</is_temp>
  <is_readonly>True</is_readonly>
</deployment>