﻿<?xml version="1.0" encoding="utf-8"?>
<deployment>
  <id>5f2f8cc031104f01b2ace729c18a4464</id>
  <author>N/A</author>
  <deployer>Push-Deployer</deployer>
  <authorEmail>N/A</authorEmail>
  <message>Created via a push deployment</message>
  <progress></progress>
  <status>Success</status>
  <statusText></statusText>
  <lastSuccessEndTime>2018-12-09T18:33:14.7700624Z</lastSuccessEndTime>
  <receivedTime>2018-12-09T18:33:06.6076012Z</receivedTime>
  <startTime>2018-12-09T18:33:06.7325788Z</startTime>
  <endTime>2018-12-09T18:33:14.7700624Z</endTime>
  <complete>True</complete>
  <is_temp>False</is_temp>
  <is_readonly>True</is_readonly>
</deployment>