﻿<?xml version="1.0" encoding="utf-8"?>
<deployment>
  <id>e0b4714bf16941a4ab2f82620928cca0</id>
  <author>N/A</author>
  <deployer>Push-Deployer</deployer>
  <authorEmail>N/A</authorEmail>
  <message>Created via a push deployment</message>
  <progress></progress>
  <status>Success</status>
  <statusText></statusText>
  <lastSuccessEndTime>2018-12-09T21:02:00.8376455Z</lastSuccessEndTime>
  <receivedTime>2018-12-09T21:01:58.9938536Z</receivedTime>
  <startTime>2018-12-09T21:01:59.2751074Z</startTime>
  <endTime>2018-12-09T21:02:00.8376455Z</endTime>
  <complete>True</complete>
  <is_temp>False</is_temp>
  <is_readonly>True</is_readonly>
</deployment>