﻿<?xml version="1.0" encoding="utf-8"?>
<deployment>
  <id>d38980cea2754efebd7a0c19eb1a4313</id>
  <author>N/A</author>
  <deployer>Push-Deployer</deployer>
  <authorEmail>N/A</authorEmail>
  <message>Created via a push deployment</message>
  <progress></progress>
  <status>Success</status>
  <statusText></statusText>
  <lastSuccessEndTime>2018-12-01T17:21:01.9772421Z</lastSuccessEndTime>
  <receivedTime>2018-12-01T17:21:00.5397279Z</receivedTime>
  <startTime>2018-12-01T17:21:00.6178048Z</startTime>
  <endTime>2018-12-01T17:21:01.9772421Z</endTime>
  <complete>True</complete>
  <is_temp>False</is_temp>
  <is_readonly>True</is_readonly>
</deployment>