﻿<?xml version="1.0" encoding="utf-8"?>
<deployment>
  <id>c970e94e3a444a16922d8dc77371481c</id>
  <author>N/A</author>
  <deployer>Push-Deployer</deployer>
  <authorEmail>N/A</authorEmail>
  <message>Created via a push deployment</message>
  <progress></progress>
  <status>Success</status>
  <statusText></statusText>
  <lastSuccessEndTime>2018-12-01T22:26:46.6523962Z</lastSuccessEndTime>
  <receivedTime>2018-12-01T22:26:42.703597Z</receivedTime>
  <startTime>2018-12-01T22:26:43.0161028Z</startTime>
  <endTime>2018-12-01T22:26:46.6523962Z</endTime>
  <complete>True</complete>
  <is_temp>False</is_temp>
  <is_readonly>True</is_readonly>
</deployment>