﻿<?xml version="1.0" encoding="utf-8"?>
<deployment>
  <id>aed530339d544abe8390033af9d4adbc</id>
  <author>N/A</author>
  <deployer>Push-Deployer</deployer>
  <authorEmail>N/A</authorEmail>
  <message>Created via a push deployment</message>
  <progress></progress>
  <status>Success</status>
  <statusText></statusText>
  <lastSuccessEndTime>2018-12-01T17:17:08.7158743Z</lastSuccessEndTime>
  <receivedTime>2018-12-01T17:17:06.3408294Z</receivedTime>
  <startTime>2018-12-01T17:17:06.4345648Z</startTime>
  <endTime>2018-12-01T17:17:08.7158743Z</endTime>
  <complete>True</complete>
  <is_temp>False</is_temp>
  <is_readonly>True</is_readonly>
</deployment>