﻿<?xml version="1.0" encoding="utf-8"?>
<deployment>
  <id>03a835a1c7884467afa6a03b8f652067</id>
  <author>N/A</author>
  <deployer>Push-Deployer</deployer>
  <authorEmail>N/A</authorEmail>
  <message>Created via a push deployment</message>
  <progress></progress>
  <status>Success</status>
  <statusText></statusText>
  <lastSuccessEndTime>2018-12-01T17:42:46.5645911Z</lastSuccessEndTime>
  <receivedTime>2018-12-01T17:42:45.0489258Z</receivedTime>
  <startTime>2018-12-01T17:42:45.2364238Z</startTime>
  <endTime>2018-12-01T17:42:46.5645911Z</endTime>
  <complete>True</complete>
  <is_temp>False</is_temp>
  <is_readonly>True</is_readonly>
</deployment>