﻿<?xml version="1.0" encoding="utf-8"?>
<deployment>
  <id>f54ad3c7c61b47adaf5bae867dc6fe92</id>
  <author>N/A</author>
  <deployer>Push-Deployer</deployer>
  <authorEmail>N/A</authorEmail>
  <message>Created via a push deployment</message>
  <progress></progress>
  <status>Success</status>
  <statusText></statusText>
  <lastSuccessEndTime>2018-12-09T18:43:57.2059272Z</lastSuccessEndTime>
  <receivedTime>2018-12-09T18:43:55.6433766Z</receivedTime>
  <startTime>2018-12-09T18:43:55.9246245Z</startTime>
  <endTime>2018-12-09T18:43:57.2059272Z</endTime>
  <complete>True</complete>
  <is_temp>False</is_temp>
  <is_readonly>True</is_readonly>
</deployment>