﻿<?xml version="1.0" encoding="utf-8"?>
<deployment>
  <id>1b2dec524ddf4882b1c2bb9356d6f199</id>
  <author>N/A</author>
  <deployer>Push-Deployer</deployer>
  <authorEmail>N/A</authorEmail>
  <message>Created via a push deployment</message>
  <progress></progress>
  <status>Success</status>
  <statusText></statusText>
  <lastSuccessEndTime>2018-12-01T17:31:08.0683146Z</lastSuccessEndTime>
  <receivedTime>2018-12-01T17:31:06.6933011Z</receivedTime>
  <startTime>2018-12-01T17:31:06.7714939Z</startTime>
  <endTime>2018-12-01T17:31:08.0683146Z</endTime>
  <complete>True</complete>
  <is_temp>False</is_temp>
  <is_readonly>True</is_readonly>
</deployment>