﻿<?xml version="1.0" encoding="utf-8"?>
<deployment>
  <id>d9e10f29422b4f74b88e98495447b28c</id>
  <author>N/A</author>
  <deployer>Push-Deployer</deployer>
  <authorEmail>N/A</authorEmail>
  <message>Created via a push deployment</message>
  <progress></progress>
  <status>Success</status>
  <statusText></statusText>
  <lastSuccessEndTime>2018-12-01T17:24:16.3845488Z</lastSuccessEndTime>
  <receivedTime>2018-12-01T17:24:14.7125965Z</receivedTime>
  <startTime>2018-12-01T17:24:15.0095044Z</startTime>
  <endTime>2018-12-01T17:24:16.3845488Z</endTime>
  <complete>True</complete>
  <is_temp>False</is_temp>
  <is_readonly>True</is_readonly>
</deployment>