<Events><Event><System><Provider Name="IIS AspNetCore Module"/><EventID>1001</EventID><Level>4</Level><Task>0</Task><Keywords>Keywords</Keywords><TimeCreated SystemTime="2018-11-30T21:59:02Z"/><EventRecordID>2118645609</EventRecordID><Channel>Application</Channel><Computer>RD0003FF18F3FB</Computer><Security/></System><EventData><Data>Application 'MACHINE/WEBROOT/APPHOST/FTWORKOUTAPI' started process '2548' successfully and is listening on port '9334'.</Data></EventData></Event><Event><System><Provider Name="IIS AspNetCore Module"/><EventID>1012</EventID><Level>4</Level><Task>0</Task><Keywords>Keywords</Keywords><TimeCreated SystemTime="2018-11-30T22:04:40Z"/><EventRecordID>2118984031</EventRecordID><Channel>Application</Channel><Computer>RD0003FF18F3FB</Computer><Security/></System><EventData><Data>App_offline file 'app_offline.htm' was detected.</Data></EventData></Event><Event><System><Provider Name="IIS AspNetCore Module"/><EventID>1006</EventID><Level>4</Level><Task>0</Task><Keywords>Keywords</Keywords><TimeCreated SystemTime="2018-11-30T22:04:40Z"/><EventRecordID>2118984046</EventRecordID><Channel>Application</Channel><Computer>RD0003FF18F3FB</Computer><Security/></System><EventData><Data>Sent shutdown HTTP message to process '2548' and received http status '202'.</Data></EventData></Event><Event><System><Provider Name="IIS AspNetCore Module"/><EventID>1012</EventID><Level>4</Level><Task>0</Task><Keywords>Keywords</Keywords><TimeCreated SystemTime="2018-11-30T22:04:40Z"/><EventRecordID>2118984265</EventRecordID><Channel>Application</Channel><Computer>RD0003FF18F3FB</Computer><Security/></System><EventData><Data>App_offline file 'app_offline.htm' was detected.</Data></EventData></Event><Event><System><Provider Name="HttpPlatformHandler"/><EventID>2000</EventID><Level>4</Level><Task>0</Task><Keywords>Keywords</Keywords><TimeCreated SystemTime="2018-11-30T22:04:40Z"/><EventRecordID>2118984281</EventRecordID><Channel>Application</Channel><Computer>RD0003FF18F3FB</Computer><Security/></System><EventData><Data>Change in global configuration [TID 25588] [PID 28548]</Data></EventData></Event><Event><System><Provider Name="HttpPlatformHandler"/><EventID>2000</EventID><Level>4</Level><Task>0</Task><Keywords>Keywords</Keywords><TimeCreated SystemTime="2018-11-30T22:04:40Z"/><EventRecordID>2118984296</EventRecordID><Channel>Application</Channel><Computer>RD0003FF18F3FB</Computer><Security/></System><EventData><Data>Global configuration changed. Change path: MACHINE/WEBROOT/APPHOST/FTWORKOUTAPI, ApplicationManager: 04E35698 [TID 25588] [PID 28548]</Data></EventData></Event><Event><System><Provider Name="HttpPlatformHandler"/><EventID>2000</EventID><Level>4</Level><Task>0</Task><Keywords>Keywords</Keywords><TimeCreated SystemTime="2018-11-30T22:04:40Z"/><EventRecordID>2118984312</EventRecordID><Channel>Application</Channel><Computer>RD0003FF18F3FB</Computer><Security/></System><EventData><Data>Recycling application MACHINE/WEBROOT/APPHOST/FTWORKOUTAPI [TID 25588] [PID 28548]</Data></EventData></Event><Event><System><Provider Name="IIS AspNetCore Module"/><EventID>1001</EventID><Level>4</Level><Task>0</Task><Keywords>Keywords</Keywords><TimeCreated SystemTime="2018-11-30T22:05:20Z"/><EventRecordID>2119023375</EventRecordID><Channel>Application</Channel><Computer>RD0003FF18F3FB</Computer><Security/></System><EventData><Data>Application 'MACHINE/WEBROOT/APPHOST/FTWORKOUTAPI' started process '8676' successfully and is listening on port '11591'.</Data></EventData></Event><Event><System><Provider Name="HttpPlatformHandler"/><EventID>2000</EventID><Level>4</Level><Task>0</Task><Keywords>Keywords</Keywords><TimeCreated SystemTime="2018-11-30T22:26:22Z"/><EventRecordID>2120285984</EventRecordID><Channel>Application</Channel><Computer>RD0003FF18F3FB</Computer><Security/></System><EventData><Data>APPLICATION_MANAGER::~APPLICATION_MANAGER | this=05AC57D0 [TID 31448] [PID 10692]</Data></EventData></Event><Event><System><Provider Name="IIS AspNetCore Module"/><EventID>1006</EventID><Level>4</Level><Task>0</Task><Keywords>Keywords</Keywords><TimeCreated SystemTime="2018-11-30T22:26:46Z"/><EventRecordID>2120309296</EventRecordID><Channel>Application</Channel><Computer>RD0003FF18F3FB</Computer><Security/></System><EventData><Data>Sent shutdown HTTP message to process '8676' and received http status '202'.</Data></EventData></Event><Event><System><Provider Name="HttpPlatformHandler"/><EventID>2000</EventID><Level>4</Level><Task>0</Task><Keywords>Keywords</Keywords><TimeCreated SystemTime="2018-11-30T22:26:46Z"/><EventRecordID>2120309562</EventRecordID><Channel>Application</Channel><Computer>RD0003FF18F3FB</Computer><Security/></System><EventData><Data>APPLICATION_MANAGER::~APPLICATION_MANAGER | this=04E35698 [TID 7420] [PID 28548]</Data></EventData></Event><Event><System><Provider Name=".NET Runtime"/><EventID>1026</EventID><Level>1</Level><Task>0</Task><Keywords>Keywords</Keywords><TimeCreated SystemTime="2018-12-01T00:34:05Z"/><EventRecordID>2127948750</EventRecordID><Channel>Application</Channel><Computer>RD0003FF18F3FB</Computer><Security/></System><EventData><Data>Application: dotnet.exe
CoreCLR Version: 4.6.27019.6
Description: The process was terminated due to an unhandled exception.
Exception Info: System.IO.FileNotFoundException: The configuration file 'appsettings.json' was not found and is not optional. The physical path is 'D:\home\site\wwwroot\appsettings.json'.
   at Microsoft.Extensions.Configuration.FileConfigurationProvider.Load(Boolean reload)
   at Microsoft.Extensions.Configuration.FileConfigurationProvider.Load()
   at Microsoft.Extensions.Configuration.ConfigurationRoot..ctor(IList`1 providers)
   at Microsoft.Extensions.Configuration.ConfigurationBuilder.Build()
   at Microsoft.AspNetCore.Hosting.WebHostBuilder.BuildCommonServices(AggregateException&amp; hostingStartupErrors)
   at Microsoft.AspNetCore.Hosting.WebHostBuilder.Build()
   at FitnessTracker.Workout.Service.Program.Main(String[] args) in D:\VS2017\FitnessTrackerMS\FitnessTracker.Workout.Service\Program.cs:line 13
</Data></EventData></Event><Event><System><Provider Name="IIS AspNetCore Module"/><EventID>1000</EventID><Level>1</Level><Task>0</Task><Keywords>Keywords</Keywords><TimeCreated SystemTime="2018-12-01T00:34:05Z"/><EventRecordID>2127948984</EventRecordID><Channel>Application</Channel><Computer>RD0003FF18F3FB</Computer><Security/></System><EventData><Data>Application 'MACHINE/WEBROOT/APPHOST/FTWORKOUTAPI' with physical root 'D:\home\site\wwwroot\' failed to start process with commandline 'dotnet .\FitnessTracker.Workout.Service.dll', ErrorCode = '0x80004005 : e0434352.</Data></EventData></Event><Event><System><Provider Name="HttpPlatformHandler"/><EventID>2000</EventID><Level>4</Level><Task>0</Task><Keywords>Keywords</Keywords><TimeCreated SystemTime="2018-12-01T00:54:11Z"/><EventRecordID>2129154906</EventRecordID><Channel>Application</Channel><Computer>RD0003FF18F3FB</Computer><Security/></System><EventData><Data>APPLICATION_MANAGER::~APPLICATION_MANAGER | this=00C96410 [TID 10672] [PID 25100]</Data></EventData></Event><Event><System><Provider Name="HttpPlatformHandler"/><EventID>2000</EventID><Level>4</Level><Task>0</Task><Keywords>Keywords</Keywords><TimeCreated SystemTime="2018-12-01T00:55:06Z"/><EventRecordID>2129209140</EventRecordID><Channel>Application</Channel><Computer>RD0003FF18F3FB</Computer><Security/></System><EventData><Data>APPLICATION_MANAGER::~APPLICATION_MANAGER | this=0078EF50 [TID 10116] [PID 15456]</Data></EventData></Event><Event><System><Provider Name="HttpPlatformHandler"/><EventID>2000</EventID><Level>4</Level><Task>0</Task><Keywords>Keywords</Keywords><TimeCreated SystemTime="2018-12-01T17:17:07Z"/><EventRecordID>-2106838796</EventRecordID><Channel>Application</Channel><Computer>RD0003FF18F3FB</Computer><Security/></System><EventData><Data>Change in global configuration [TID 20636] [PID 25356]</Data></EventData></Event><Event><System><Provider Name="HttpPlatformHandler"/><EventID>2000</EventID><Level>4</Level><Task>0</Task><Keywords>Keywords</Keywords><TimeCreated SystemTime="2018-12-01T17:17:07Z"/><EventRecordID>-2106838796</EventRecordID><Channel>Application</Channel><Computer>RD0003FF18F3FB</Computer><Security/></System><EventData><Data>Global configuration changed. Change path: MACHINE/WEBROOT/APPHOST/FTWORKOUTAPI, ApplicationManager: 053FE6F8 [TID 20636] [PID 25356]</Data></EventData></Event><Event><System><Provider Name="HttpPlatformHandler"/><EventID>2000</EventID><Level>4</Level><Task>0</Task><Keywords>Keywords</Keywords><TimeCreated SystemTime="2018-12-01T17:17:07Z"/><EventRecordID>-2106838781</EventRecordID><Channel>Application</Channel><Computer>RD0003FF18F3FB</Computer><Security/></System><EventData><Data>Recycling application MACHINE/WEBROOT/APPHOST/FTWORKOUTAPI [TID 20636] [PID 25356]</Data></EventData></Event><Event><System><Provider Name="HttpPlatformHandler"/><EventID>2000</EventID><Level>4</Level><Task>0</Task><Keywords>Keywords</Keywords><TimeCreated SystemTime="2018-12-01T17:17:08Z"/><EventRecordID>-2106837781</EventRecordID><Channel>Application</Channel><Computer>RD0003FF18F3FB</Computer><Security/></System><EventData><Data>Change in global configuration [TID 19176] [PID 25356]</Data></EventData></Event><Event><System><Provider Name="HttpPlatformHandler"/><EventID>2000</EventID><Level>4</Level><Task>0</Task><Keywords>Keywords</Keywords><TimeCreated SystemTime="2018-12-01T17:17:08Z"/><EventRecordID>-2106837765</EventRecordID><Channel>Application</Channel><Computer>RD0003FF18F3FB</Computer><Security/></System><EventData><Data>Global configuration changed. Change path: MACHINE/WEBROOT/APPHOST/FTWORKOUTAPI, ApplicationManager: 053FE6F8 [TID 19176] [PID 25356]</Data></EventData></Event><Event><System><Provider Name="HttpPlatformHandler"/><EventID>2000</EventID><Level>4</Level><Task>0</Task><Keywords>Keywords</Keywords><TimeCreated SystemTime="2018-12-01T17:17:08Z"/><EventRecordID>-2106837765</EventRecordID><Channel>Application</Channel><Computer>RD0003FF18F3FB</Computer><Security/></System><EventData><Data>Recycling application MACHINE/WEBROOT/APPHOST/FTWORKOUTAPI [TID 19176] [PID 25356]</Data></EventData></Event><Event><System><Provider Name="IIS AspNetCore Module"/><EventID>1001</EventID><Level>4</Level><Task>0</Task><Keywords>Keywords</Keywords><TimeCreated SystemTime="2018-12-01T17:17:45Z"/><EventRecordID>-2106800921</EventRecordID><Channel>Application</Channel><Computer>RD0003FF18F3FB</Computer><Security/></System><EventData><Data>Application 'MACHINE/WEBROOT/APPHOST/FTWORKOUTAPI' started process '18376' successfully and is listening on port '27626'.</Data></EventData></Event><Event><System><Provider Name="IIS AspNetCore Module"/><EventID>1012</EventID><Level>4</Level><Task>0</Task><Keywords>Keywords</Keywords><TimeCreated SystemTime="2018-12-01T17:21:01Z"/><EventRecordID>-2106604593</EventRecordID><Channel>Application</Channel><Computer>RD0003FF18F3FB</Computer><Security/></System><EventData><Data>App_offline file 'app_offline.htm' was detected.</Data></EventData></Event><Event><System><Provider Name="IIS AspNetCore Module"/><EventID>1006</EventID><Level>4</Level><Task>0</Task><Keywords>Keywords</Keywords><TimeCreated SystemTime="2018-12-01T17:21:01Z"/><EventRecordID>-2106604578</EventRecordID><Channel>Application</Channel><Computer>RD0003FF18F3FB</Computer><Security/></System><EventData><Data>Sent shutdown HTTP message to process '18376' and received http status '202'.</Data></EventData></Event><Event><System><Provider Name="HttpPlatformHandler"/><EventID>2000</EventID><Level>4</Level><Task>0</Task><Keywords>Keywords</Keywords><TimeCreated SystemTime="2018-12-01T17:21:01Z"/><EventRecordID>-2106604437</EventRecordID><Channel>Application</Channel><Computer>RD0003FF18F3FB</Computer><Security/></System><EventData><Data>Change in global configuration [TID 19176] [PID 25356]</Data></EventData></Event><Event><System><Provider Name="HttpPlatformHandler"/><EventID>2000</EventID><Level>4</Level><Task>0</Task><Keywords>Keywords</Keywords><TimeCreated SystemTime="2018-12-01T17:21:01Z"/><EventRecordID>-2106604421</EventRecordID><Channel>Application</Channel><Computer>RD0003FF18F3FB</Computer><Security/></System><EventData><Data>Global configuration changed. Change path: MACHINE/WEBROOT/APPHOST/FTWORKOUTAPI, ApplicationManager: 053FE6F8 [TID 19176] [PID 25356]</Data></EventData></Event><Event><System><Provider Name="HttpPlatformHandler"/><EventID>2000</EventID><Level>4</Level><Task>0</Task><Keywords>Keywords</Keywords><TimeCreated SystemTime="2018-12-01T17:21:01Z"/><EventRecordID>-2106604421</EventRecordID><Channel>Application</Channel><Computer>RD0003FF18F3FB</Computer><Security/></System><EventData><Data>Recycling application MACHINE/WEBROOT/APPHOST/FTWORKOUTAPI [TID 19176] [PID 25356]</Data></EventData></Event><Event><System><Provider Name="IIS AspNetCore Module"/><EventID>1001</EventID><Level>4</Level><Task>0</Task><Keywords>Keywords</Keywords><TimeCreated SystemTime="2018-12-01T17:25:16Z"/><EventRecordID>-2106349781</EventRecordID><Channel>Application</Channel><Computer>RD0003FF18F3FB</Computer><Security/></System><EventData><Data>Application 'MACHINE/WEBROOT/APPHOST/FTWORKOUTAPI' started process '12532' successfully and is listening on port '30740'.</Data></EventData></Event><Event><System><Provider Name="IIS AspNetCore Module"/><EventID>1012</EventID><Level>4</Level><Task>0</Task><Keywords>Keywords</Keywords><TimeCreated SystemTime="2018-12-01T17:31:07Z"/><EventRecordID>-2105998609</EventRecordID><Channel>Application</Channel><Computer>RD0003FF18F3FB</Computer><Security/></System><EventData><Data>App_offline file 'app_offline.htm' was detected.</Data></EventData></Event><Event><System><Provider Name="IIS AspNetCore Module"/><EventID>1006</EventID><Level>4</Level><Task>0</Task><Keywords>Keywords</Keywords><TimeCreated SystemTime="2018-12-01T17:31:07Z"/><EventRecordID>-2105998578</EventRecordID><Channel>Application</Channel><Computer>RD0003FF18F3FB</Computer><Security/></System><EventData><Data>Sent shutdown HTTP message to process '12532' and received http status '202'.</Data></EventData></Event><Event><System><Provider Name="IIS AspNetCore Module"/><EventID>1012</EventID><Level>4</Level><Task>0</Task><Keywords>Keywords</Keywords><TimeCreated SystemTime="2018-12-01T17:31:07Z"/><EventRecordID>-2105998437</EventRecordID><Channel>Application</Channel><Computer>RD0003FF18F3FB</Computer><Security/></System><EventData><Data>App_offline file 'app_offline.htm' was detected.</Data></EventData></Event><Event><System><Provider Name="IIS AspNetCore Module"/><EventID>1012</EventID><Level>4</Level><Task>0</Task><Keywords>Keywords</Keywords><TimeCreated SystemTime="2018-12-01T17:31:07Z"/><EventRecordID>-2105998421</EventRecordID><Channel>Application</Channel><Computer>RD0003FF18F3FB</Computer><Security/></System><EventData><Data>App_offline file 'app_offline.htm' was detected.</Data></EventData></Event><Event><System><Provider Name="HttpPlatformHandler"/><EventID>2000</EventID><Level>4</Level><Task>0</Task><Keywords>Keywords</Keywords><TimeCreated SystemTime="2018-12-01T17:31:08Z"/><EventRecordID>-2105998343</EventRecordID><Channel>Application</Channel><Computer>RD0003FF18F3FB</Computer><Security/></System><EventData><Data>Change in global configuration [TID 16444] [PID 25356]</Data></EventData></Event><Event><System><Provider Name="HttpPlatformHandler"/><EventID>2000</EventID><Level>4</Level><Task>0</Task><Keywords>Keywords</Keywords><TimeCreated SystemTime="2018-12-01T17:31:08Z"/><EventRecordID>-2105998343</EventRecordID><Channel>Application</Channel><Computer>RD0003FF18F3FB</Computer><Security/></System><EventData><Data>Global configuration changed. Change path: MACHINE/WEBROOT/APPHOST/FTWORKOUTAPI, ApplicationManager: 053FE6F8 [TID 16444] [PID 25356]</Data></EventData></Event><Event><System><Provider Name="HttpPlatformHandler"/><EventID>2000</EventID><Level>4</Level><Task>0</Task><Keywords>Keywords</Keywords><TimeCreated SystemTime="2018-12-01T17:31:08Z"/><EventRecordID>-2105998328</EventRecordID><Channel>Application</Channel><Computer>RD0003FF18F3FB</Computer><Security/></System><EventData><Data>Recycling application MACHINE/WEBROOT/APPHOST/FTWORKOUTAPI [TID 16444] [PID 25356]</Data></EventData></Event><Event><System><Provider Name="IIS AspNetCore Module"/><EventID>1001</EventID><Level>4</Level><Task>0</Task><Keywords>Keywords</Keywords><TimeCreated SystemTime="2018-12-01T17:34:41Z"/><EventRecordID>-2105784578</EventRecordID><Channel>Application</Channel><Computer>RD0003FF18F3FB</Computer><Security/></System><EventData><Data>Application 'MACHINE/WEBROOT/APPHOST/FTWORKOUTAPI' started process '17852' successfully and is listening on port '8631'.</Data></EventData></Event><Event><System><Provider Name="IIS AspNetCore Module"/><EventID>1012</EventID><Level>4</Level><Task>0</Task><Keywords>Keywords</Keywords><TimeCreated SystemTime="2018-12-01T17:42:46Z"/><EventRecordID>-2105300093</EventRecordID><Channel>Application</Channel><Computer>RD0003FF18F3FB</Computer><Security/></System><EventData><Data>App_offline file 'app_offline.htm' was detected.</Data></EventData></Event><Event><System><Provider Name="IIS AspNetCore Module"/><EventID>1006</EventID><Level>4</Level><Task>0</Task><Keywords>Keywords</Keywords><TimeCreated SystemTime="2018-12-01T17:42:46Z"/><EventRecordID>-2105300078</EventRecordID><Channel>Application</Channel><Computer>RD0003FF18F3FB</Computer><Security/></System><EventData><Data>Sent shutdown HTTP message to process '17852' and received http status '202'.</Data></EventData></Event><Event><System><Provider Name="IIS AspNetCore Module"/><EventID>1012</EventID><Level>4</Level><Task>0</Task><Keywords>Keywords</Keywords><TimeCreated SystemTime="2018-12-01T17:42:46Z"/><EventRecordID>-2105299937</EventRecordID><Channel>Application</Channel><Computer>RD0003FF18F3FB</Computer><Security/></System><EventData><Data>App_offline file 'app_offline.htm' was detected.</Data></EventData></Event><Event><System><Provider Name="IIS AspNetCore Module"/><EventID>1012</EventID><Level>4</Level><Task>0</Task><Keywords>Keywords</Keywords><TimeCreated SystemTime="2018-12-01T17:42:46Z"/><EventRecordID>-2105299921</EventRecordID><Channel>Application</Channel><Computer>RD0003FF18F3FB</Computer><Security/></System><EventData><Data>App_offline file 'app_offline.htm' was detected.</Data></EventData></Event><Event><System><Provider Name="HttpPlatformHandler"/><EventID>2000</EventID><Level>4</Level><Task>0</Task><Keywords>Keywords</Keywords><TimeCreated SystemTime="2018-12-01T17:42:46Z"/><EventRecordID>-2105299859</EventRecordID><Channel>Application</Channel><Computer>RD0003FF18F3FB</Computer><Security/></System><EventData><Data>Change in global configuration [TID 19176] [PID 25356]</Data></EventData></Event><Event><System><Provider Name="HttpPlatformHandler"/><EventID>2000</EventID><Level>4</Level><Task>0</Task><Keywords>Keywords</Keywords><TimeCreated SystemTime="2018-12-01T17:42:46Z"/><EventRecordID>-2105299859</EventRecordID><Channel>Application</Channel><Computer>RD0003FF18F3FB</Computer><Security/></System><EventData><Data>Global configuration changed. Change path: MACHINE/WEBROOT/APPHOST/FTWORKOUTAPI, ApplicationManager: 053FE6F8 [TID 19176] [PID 25356]</Data></EventData></Event><Event><System><Provider Name="HttpPlatformHandler"/><EventID>2000</EventID><Level>4</Level><Task>0</Task><Keywords>Keywords</Keywords><TimeCreated SystemTime="2018-12-01T17:42:46Z"/><EventRecordID>-2105299843</EventRecordID><Channel>Application</Channel><Computer>RD0003FF18F3FB</Computer><Security/></System><EventData><Data>Recycling application MACHINE/WEBROOT/APPHOST/FTWORKOUTAPI [TID 19176] [PID 25356]</Data></EventData></Event><Event><System><Provider Name="IIS AspNetCore Module"/><EventID>1001</EventID><Level>4</Level><Task>0</Task><Keywords>Keywords</Keywords><TimeCreated SystemTime="2018-12-01T17:43:36Z"/><EventRecordID>-2105250421</EventRecordID><Channel>Application</Channel><Computer>RD0003FF18F3FB</Computer><Security/></System><EventData><Data>Application 'MACHINE/WEBROOT/APPHOST/FTWORKOUTAPI' started process '28752' successfully and is listening on port '16206'.</Data></EventData></Event><Event><System><Provider Name="HttpPlatformHandler"/><EventID>2000</EventID><Level>4</Level><Task>0</Task><Keywords>Keywords</Keywords><TimeCreated SystemTime="2018-12-01T18:04:10Z"/><EventRecordID>-2104015875</EventRecordID><Channel>Application</Channel><Computer>RD0003FF18F3FB</Computer><Security/></System><EventData><Data>APPLICATION_MANAGER::~APPLICATION_MANAGER | this=0094E5B0 [TID 30788] [PID 18620]</Data></EventData></Event><Event><System><Provider Name="IIS AspNetCore Module"/><EventID>1006</EventID><Level>4</Level><Task>0</Task><Keywords>Keywords</Keywords><TimeCreated SystemTime="2018-12-01T18:07:02Z"/><EventRecordID>-2103844078</EventRecordID><Channel>Application</Channel><Computer>RD0003FF18F3FB</Computer><Security/></System><EventData><Data>Sent shutdown HTTP message to process '28752' and received http status '202'.</Data></EventData></Event><Event><System><Provider Name="HttpPlatformHandler"/><EventID>2000</EventID><Level>4</Level><Task>0</Task><Keywords>Keywords</Keywords><TimeCreated SystemTime="2018-12-01T18:07:02Z"/><EventRecordID>-2103843796</EventRecordID><Channel>Application</Channel><Computer>RD0003FF18F3FB</Computer><Security/></System><EventData><Data>APPLICATION_MANAGER::~APPLICATION_MANAGER | this=053FE6F8 [TID 23128] [PID 25356]</Data></EventData></Event><Event><System><Provider Name="IIS AspNetCore Module"/><EventID>1001</EventID><Level>4</Level><Task>0</Task><Keywords>Keywords</Keywords><TimeCreated SystemTime="2018-12-01T18:12:31Z"/><EventRecordID>-2103515015</EventRecordID><Channel>Application</Channel><Computer>RD0003FF18F3FB</Computer><Security/></System><EventData><Data>Application 'MACHINE/WEBROOT/APPHOST/FTWORKOUTAPI' started process '18556' successfully and is listening on port '14448'.</Data></EventData></Event><Event><System><Provider Name="HttpPlatformHandler"/><EventID>2000</EventID><Level>4</Level><Task>0</Task><Keywords>Keywords</Keywords><TimeCreated SystemTime="2018-12-01T18:27:05Z"/><EventRecordID>-2102641031</EventRecordID><Channel>Application</Channel><Computer>RD0003FF18F3FB</Computer><Security/></System><EventData><Data>APPLICATION_MANAGER::~APPLICATION_MANAGER | this=054942E8 [TID 30444] [PID 18404]</Data></EventData></Event><Event><System><Provider Name="HttpPlatformHandler"/><EventID>2000</EventID><Level>4</Level><Task>0</Task><Keywords>Keywords</Keywords><TimeCreated SystemTime="2018-12-01T19:52:23Z"/><EventRecordID>-2097522984</EventRecordID><Channel>Application</Channel><Computer>RD0003FF18F3FB</Computer><Security/></System><EventData><Data>APPLICATION_MANAGER::~APPLICATION_MANAGER | this=04FEE790 [TID 26644] [PID 30364]</Data></EventData></Event><Event><System><Provider Name="IIS AspNetCore Module"/><EventID>1006</EventID><Level>4</Level><Task>0</Task><Keywords>Keywords</Keywords><TimeCreated SystemTime="2018-12-01T20:31:28Z"/><EventRecordID>-2095178125</EventRecordID><Channel>Application</Channel><Computer>RD0003FF18F3FB</Computer><Security/></System><EventData><Data>Sent shutdown HTTP message to process '18556' and received http status '202'.</Data></EventData></Event><Event><System><Provider Name="HttpPlatformHandler"/><EventID>2000</EventID><Level>4</Level><Task>0</Task><Keywords>Keywords</Keywords><TimeCreated SystemTime="2018-12-01T20:31:28Z"/><EventRecordID>-2095177859</EventRecordID><Channel>Application</Channel><Computer>RD0003FF18F3FB</Computer><Security/></System><EventData><Data>APPLICATION_MANAGER::~APPLICATION_MANAGER | this=00CEE680 [TID 24732] [PID 25148]</Data></EventData></Event><Event><System><Provider Name="IIS AspNetCore Module"/><EventID>1001</EventID><Level>4</Level><Task>0</Task><Keywords>Keywords</Keywords><TimeCreated SystemTime="2018-12-01T22:27:51Z"/><EventRecordID>-2088195703</EventRecordID><Channel>Application</Channel><Computer>RD0003FF18F3FB</Computer><Security/></System><EventData><Data>Application 'MACHINE/WEBROOT/APPHOST/FTWORKOUTAPI' started process '28716' successfully and is listening on port '2405'.</Data></EventData></Event><Event><System><Provider Name="HttpPlatformHandler"/><EventID>2000</EventID><Level>4</Level><Task>0</Task><Keywords>Keywords</Keywords><TimeCreated SystemTime="2018-12-01T22:48:40Z"/><EventRecordID>-2086946296</EventRecordID><Channel>Application</Channel><Computer>RD0003FF18F3FB</Computer><Security/></System><EventData><Data>APPLICATION_MANAGER::~APPLICATION_MANAGER | this=05C05530 [TID 13428] [PID 15316]</Data></EventData></Event><Event><System><Provider Name="IIS AspNetCore Module"/><EventID>1006</EventID><Level>4</Level><Task>0</Task><Keywords>Keywords</Keywords><TimeCreated SystemTime="2018-12-01T22:48:47Z"/><EventRecordID>-2086939359</EventRecordID><Channel>Application</Channel><Computer>RD0003FF18F3FB</Computer><Security/></System><EventData><Data>Sent shutdown HTTP message to process '28716' and received http status '202'.</Data></EventData></Event><Event><System><Provider Name="HttpPlatformHandler"/><EventID>2000</EventID><Level>4</Level><Task>0</Task><Keywords>Keywords</Keywords><TimeCreated SystemTime="2018-12-01T22:48:47Z"/><EventRecordID>-2086939093</EventRecordID><Channel>Application</Channel><Computer>RD0003FF18F3FB</Computer><Security/></System><EventData><Data>APPLICATION_MANAGER::~APPLICATION_MANAGER | this=0563EBF8 [TID 29172] [PID 22128]</Data></EventData></Event><Event><System><Provider Name="IIS AspNetCore Module"/><EventID>1001</EventID><Level>4</Level><Task>0</Task><Keywords>Keywords</Keywords><TimeCreated SystemTime="2018-12-02T00:36:54Z"/><EventRecordID>-2080452687</EventRecordID><Channel>Application</Channel><Computer>RD0003FF18F3FB</Computer><Security/></System><EventData><Data>Application 'MACHINE/WEBROOT/APPHOST/FTWORKOUTAPI' started process '23492' successfully and is listening on port '25496'.</Data></EventData></Event><Event><System><Provider Name="HttpPlatformHandler"/><EventID>2000</EventID><Level>4</Level><Task>0</Task><Keywords>Keywords</Keywords><TimeCreated SystemTime="2018-12-02T01:16:55Z"/><EventRecordID>-2078052203</EventRecordID><Channel>Application</Channel><Computer>RD0003FF18F3FB</Computer><Security/></System><EventData><Data>APPLICATION_MANAGER::~APPLICATION_MANAGER | this=05352758 [TID 24624] [PID 17948]</Data></EventData></Event><Event><System><Provider Name="IIS AspNetCore Module"/><EventID>1006</EventID><Level>4</Level><Task>0</Task><Keywords>Keywords</Keywords><TimeCreated SystemTime="2018-12-02T01:30:51Z"/><EventRecordID>-2077215781</EventRecordID><Channel>Application</Channel><Computer>RD0003FF18F3FB</Computer><Security/></System><EventData><Data>Sent shutdown HTTP message to process '23492' and received http status '202'.</Data></EventData></Event><Event><System><Provider Name="HttpPlatformHandler"/><EventID>2000</EventID><Level>4</Level><Task>0</Task><Keywords>Keywords</Keywords><TimeCreated SystemTime="2018-12-02T01:30:51Z"/><EventRecordID>-2077215531</EventRecordID><Channel>Application</Channel><Computer>RD0003FF18F3FB</Computer><Security/></System><EventData><Data>APPLICATION_MANAGER::~APPLICATION_MANAGER | this=04E35868 [TID 12764] [PID 13920]</Data></EventData></Event><Event><System><Provider Name="IIS AspNetCore Module"/><EventID>1001</EventID><Level>4</Level><Task>0</Task><Keywords>Keywords</Keywords><TimeCreated SystemTime="2018-12-02T17:10:19Z"/><EventRecordID>-2020850015</EventRecordID><Channel>Application</Channel><Computer>RD0003FF18F3FB</Computer><Security/></System><EventData><Data>Application 'MACHINE/WEBROOT/APPHOST/FTWORKOUTAPI' started process '27308' successfully and is listening on port '14760'.</Data></EventData></Event><Event><System><Provider Name="IIS AspNetCore Module"/><EventID>1006</EventID><Level>4</Level><Task>0</Task><Keywords>Keywords</Keywords><TimeCreated SystemTime="2018-12-02T17:31:04Z"/><EventRecordID>-2019605296</EventRecordID><Channel>Application</Channel><Computer>RD0003FF18F3FB</Computer><Security/></System><EventData><Data>Sent shutdown HTTP message to process '27308' and received http status '202'.</Data></EventData></Event><Event><System><Provider Name="HttpPlatformHandler"/><EventID>2000</EventID><Level>4</Level><Task>0</Task><Keywords>Keywords</Keywords><TimeCreated SystemTime="2018-12-02T17:31:04Z"/><EventRecordID>-2019605000</EventRecordID><Channel>Application</Channel><Computer>RD0003FF18F3FB</Computer><Security/></System><EventData><Data>APPLICATION_MANAGER::~APPLICATION_MANAGER | this=051CD7E0 [TID 15044] [PID 23856]</Data></EventData></Event><Event><System><Provider Name="IIS AspNetCore Module"/><EventID>1001</EventID><Level>4</Level><Task>0</Task><Keywords>Keywords</Keywords><TimeCreated SystemTime="2018-12-03T15:42:16Z"/><EventRecordID>-1939736125</EventRecordID><Channel>Application</Channel><Computer>RD0003FF18F3FB</Computer><Security/></System><EventData><Data>Application 'MACHINE/WEBROOT/APPHOST/FTWORKOUTAPI' started process '22968' successfully and is listening on port '29483'.</Data></EventData></Event><Event><System><Provider Name="IIS AspNetCore Module"/><EventID>1006</EventID><Level>4</Level><Task>0</Task><Keywords>Keywords</Keywords><TimeCreated SystemTime="2018-12-03T16:06:08Z"/><EventRecordID>-1938303281</EventRecordID><Channel>Application</Channel><Computer>RD0003FF18F3FB</Computer><Security/></System><EventData><Data>Sent shutdown HTTP message to process '22968' and received http status '202'.</Data></EventData></Event><Event><System><Provider Name="HttpPlatformHandler"/><EventID>2000</EventID><Level>4</Level><Task>0</Task><Keywords>Keywords</Keywords><TimeCreated SystemTime="2018-12-03T16:06:09Z"/><EventRecordID>-1938303031</EventRecordID><Channel>Application</Channel><Computer>RD0003FF18F3FB</Computer><Security/></System><EventData><Data>APPLICATION_MANAGER::~APPLICATION_MANAGER | this=00DCE260 [TID 6432] [PID 17292]</Data></EventData></Event><Event><System><Provider Name="IIS AspNetCore Module"/><EventID>1001</EventID><Level>4</Level><Task>0</Task><Keywords>Keywords</Keywords><TimeCreated SystemTime="2018-12-03T17:55:48Z"/><EventRecordID>-1931723765</EventRecordID><Channel>Application</Channel><Computer>RD0003FF18F3FB</Computer><Security/></System><EventData><Data>Application 'MACHINE/WEBROOT/APPHOST/FTWORKOUTAPI' started process '23128' successfully and is listening on port '13204'.</Data></EventData></Event><Event><System><Provider Name="IIS AspNetCore Module"/><EventID>1006</EventID><Level>4</Level><Task>0</Task><Keywords>Keywords</Keywords><TimeCreated SystemTime="2018-12-03T18:31:42Z"/><EventRecordID>-1929570250</EventRecordID><Channel>Application</Channel><Computer>RD0003FF18F3FB</Computer><Security/></System><EventData><Data>Sent shutdown HTTP message to process '23128' and received http status '202'.</Data></EventData></Event><Event><System><Provider Name="HttpPlatformHandler"/><EventID>2000</EventID><Level>4</Level><Task>0</Task><Keywords>Keywords</Keywords><TimeCreated SystemTime="2018-12-03T18:31:42Z"/><EventRecordID>-1929569984</EventRecordID><Channel>Application</Channel><Computer>RD0003FF18F3FB</Computer><Security/></System><EventData><Data>APPLICATION_MANAGER::~APPLICATION_MANAGER | this=0524F1B0 [TID 18396] [PID 30836]</Data></EventData></Event><Event><System><Provider Name="IIS AspNetCore Module"/><EventID>1001</EventID><Level>4</Level><Task>0</Task><Keywords>Keywords</Keywords><TimeCreated SystemTime="2018-12-03T21:34:27Z"/><EventRecordID>-1918605546</EventRecordID><Channel>Application</Channel><Computer>RD0003FF18F3FB</Computer><Security/></System><EventData><Data>Application 'MACHINE/WEBROOT/APPHOST/FTWORKOUTAPI' started process '22252' successfully and is listening on port '26408'.</Data></EventData></Event><Event><System><Provider Name="IIS AspNetCore Module"/><EventID>1006</EventID><Level>4</Level><Task>0</Task><Keywords>Keywords</Keywords><TimeCreated SystemTime="2018-12-03T21:55:22Z"/><EventRecordID>-1917350593</EventRecordID><Channel>Application</Channel><Computer>RD0003FF18F3FB</Computer><Security/></System><EventData><Data>Sent shutdown HTTP message to process '22252' and received http status '202'.</Data></EventData></Event><Event><System><Provider Name="HttpPlatformHandler"/><EventID>2000</EventID><Level>4</Level><Task>0</Task><Keywords>Keywords</Keywords><TimeCreated SystemTime="2018-12-03T21:55:22Z"/><EventRecordID>-1917350328</EventRecordID><Channel>Application</Channel><Computer>RD0003FF18F3FB</Computer><Security/></System><EventData><Data>APPLICATION_MANAGER::~APPLICATION_MANAGER | this=04E26308 [TID 27280] [PID 30800]</Data></EventData></Event><Event><System><Provider Name="IIS AspNetCore Module"/><EventID>1001</EventID><Level>4</Level><Task>0</Task><Keywords>Keywords</Keywords><TimeCreated SystemTime="2018-12-08T12:56:21Z"/><EventRecordID>-1517705453</EventRecordID><Channel>Application</Channel><Computer>RD0003FF18F3FB</Computer><Security/></System><EventData><Data>Application 'MACHINE/WEBROOT/APPHOST/FTWORKOUTAPI' started process '35260' successfully and is listening on port '10744'.</Data></EventData></Event><Event><System><Provider Name="IIS AspNetCore Module"/><EventID>1006</EventID><Level>4</Level><Task>0</Task><Keywords>Keywords</Keywords><TimeCreated SystemTime="2018-12-08T13:51:03Z"/><EventRecordID>-1514423765</EventRecordID><Channel>Application</Channel><Computer>RD0003FF18F3FB</Computer><Security/></System><EventData><Data>Sent shutdown HTTP message to process '35260' and received http status '202'.</Data></EventData></Event><Event><System><Provider Name="HttpPlatformHandler"/><EventID>2000</EventID><Level>4</Level><Task>0</Task><Keywords>Keywords</Keywords><TimeCreated SystemTime="2018-12-08T13:51:03Z"/><EventRecordID>-1514423359</EventRecordID><Channel>Application</Channel><Computer>RD0003FF18F3FB</Computer><Security/></System><EventData><Data>APPLICATION_MANAGER::~APPLICATION_MANAGER | this=057B6148 [TID 23756] [PID 29140]</Data></EventData></Event><Event><System><Provider Name="IIS AspNetCore Module"/><EventID>1001</EventID><Level>4</Level><Task>0</Task><Keywords>Keywords</Keywords><TimeCreated SystemTime="2018-12-08T13:56:05Z"/><EventRecordID>-1514121531</EventRecordID><Channel>Application</Channel><Computer>RD0003FF18F3FB</Computer><Security/></System><EventData><Data>Application 'MACHINE/WEBROOT/APPHOST/FTWORKOUTAPI' started process '21280' successfully and is listening on port '31548'.</Data></EventData></Event><Event><System><Provider Name="IIS AspNetCore Module"/><EventID>1006</EventID><Level>4</Level><Task>0</Task><Keywords>Keywords</Keywords><TimeCreated SystemTime="2018-12-08T14:19:03Z"/><EventRecordID>-1512743609</EventRecordID><Channel>Application</Channel><Computer>RD0003FF18F3FB</Computer><Security/></System><EventData><Data>Sent shutdown HTTP message to process '21280' and received http status '202'.</Data></EventData></Event><Event><System><Provider Name="HttpPlatformHandler"/><EventID>2000</EventID><Level>4</Level><Task>0</Task><Keywords>Keywords</Keywords><TimeCreated SystemTime="2018-12-08T14:19:03Z"/><EventRecordID>-1512743359</EventRecordID><Channel>Application</Channel><Computer>RD0003FF18F3FB</Computer><Security/></System><EventData><Data>APPLICATION_MANAGER::~APPLICATION_MANAGER | this=054D6960 [TID 22384] [PID 11792]</Data></EventData></Event><Event><System><Provider Name="IIS AspNetCore Module"/><EventID>1001</EventID><Level>4</Level><Task>0</Task><Keywords>Keywords</Keywords><TimeCreated SystemTime="2018-12-08T14:47:22Z"/><EventRecordID>-1511044171</EventRecordID><Channel>Application</Channel><Computer>RD0003FF18F3FB</Computer><Security/></System><EventData><Data>Application 'MACHINE/WEBROOT/APPHOST/FTWORKOUTAPI' started process '25888' successfully and is listening on port '20266'.</Data></EventData></Event><Event><System><Provider Name="IIS AspNetCore Module"/><EventID>1006</EventID><Level>4</Level><Task>0</Task><Keywords>Keywords</Keywords><TimeCreated SystemTime="2018-12-08T15:44:19Z"/><EventRecordID>-1507627531</EventRecordID><Channel>Application</Channel><Computer>RD0003FF18F3FB</Computer><Security/></System><EventData><Data>Sent shutdown HTTP message to process '25888' and received http status '202'.</Data></EventData></Event><Event><System><Provider Name="HttpPlatformHandler"/><EventID>2000</EventID><Level>4</Level><Task>0</Task><Keywords>Keywords</Keywords><TimeCreated SystemTime="2018-12-08T15:44:19Z"/><EventRecordID>-1507627281</EventRecordID><Channel>Application</Channel><Computer>RD0003FF18F3FB</Computer><Security/></System><EventData><Data>APPLICATION_MANAGER::~APPLICATION_MANAGER | this=0526C5F0 [TID 15840] [PID 6840]</Data></EventData></Event><Event><System><Provider Name="IIS AspNetCore Module"/><EventID>1001</EventID><Level>4</Level><Task>0</Task><Keywords>Keywords</Keywords><TimeCreated SystemTime="2018-12-09T00:52:29Z"/><EventRecordID>-1474739218</EventRecordID><Channel>Application</Channel><Computer>RD0003FF18F3FB</Computer><Security/></System><EventData><Data>Application 'MACHINE/WEBROOT/APPHOST/FTWORKOUTAPI' started process '32648' successfully and is listening on port '15047'.</Data></EventData></Event><Event><System><Provider Name="IIS AspNetCore Module"/><EventID>1006</EventID><Level>4</Level><Task>0</Task><Keywords>Keywords</Keywords><TimeCreated SystemTime="2018-12-09T01:13:22Z"/><EventRecordID>-1473485500</EventRecordID><Channel>Application</Channel><Computer>RD0003FF18F3FB</Computer><Security/></System><EventData><Data>Sent shutdown HTTP message to process '32648' and received http status '202'.</Data></EventData></Event><Event><System><Provider Name="HttpPlatformHandler"/><EventID>2000</EventID><Level>4</Level><Task>0</Task><Keywords>Keywords</Keywords><TimeCreated SystemTime="2018-12-09T01:13:23Z"/><EventRecordID>-1473485250</EventRecordID><Channel>Application</Channel><Computer>RD0003FF18F3FB</Computer><Security/></System><EventData><Data>APPLICATION_MANAGER::~APPLICATION_MANAGER | this=0554F520 [TID 32156] [PID 10728]</Data></EventData></Event><Event><System><Provider Name="IIS AspNetCore Module"/><EventID>1001</EventID><Level>4</Level><Task>0</Task><Keywords>Keywords</Keywords><TimeCreated SystemTime="2018-12-09T01:19:26Z"/><EventRecordID>-1473122062</EventRecordID><Channel>Application</Channel><Computer>RD0003FF18F3FB</Computer><Security/></System><EventData><Data>Application 'MACHINE/WEBROOT/APPHOST/FTWORKOUTAPI' started process '25644' successfully and is listening on port '28567'.</Data></EventData></Event><Event><System><Provider Name="IIS AspNetCore Module"/><EventID>1006</EventID><Level>4</Level><Task>0</Task><Keywords>Keywords</Keywords><TimeCreated SystemTime="2018-12-09T01:40:23Z"/><EventRecordID>-1471865171</EventRecordID><Channel>Application</Channel><Computer>RD0003FF18F3FB</Computer><Security/></System><EventData><Data>Sent shutdown HTTP message to process '25644' and received http status '202'.</Data></EventData></Event><Event><System><Provider Name="HttpPlatformHandler"/><EventID>2000</EventID><Level>4</Level><Task>0</Task><Keywords>Keywords</Keywords><TimeCreated SystemTime="2018-12-09T01:40:23Z"/><EventRecordID>-1471864890</EventRecordID><Channel>Application</Channel><Computer>RD0003FF18F3FB</Computer><Security/></System><EventData><Data>APPLICATION_MANAGER::~APPLICATION_MANAGER | this=055DE8F8 [TID 7824] [PID 24252]</Data></EventData></Event><Event><System><Provider Name="IIS AspNetCore Module"/><EventID>1001</EventID><Level>4</Level><Task>0</Task><Keywords>Keywords</Keywords><TimeCreated SystemTime="2018-12-09T13:15:13Z"/><EventRecordID>-1430176156</EventRecordID><Channel>Application</Channel><Computer>RD0003FF18F3FB</Computer><Security/></System><EventData><Data>Application 'MACHINE/WEBROOT/APPHOST/FTWORKOUTAPI' started process '24464' successfully and is listening on port '14374'.</Data></EventData></Event><Event><System><Provider Name="IIS AspNetCore Module"/><EventID>1006</EventID><Level>4</Level><Task>0</Task><Keywords>Keywords</Keywords><TimeCreated SystemTime="2018-12-09T13:48:07Z"/><EventRecordID>-1428202906</EventRecordID><Channel>Application</Channel><Computer>RD0003FF18F3FB</Computer><Security/></System><EventData><Data>Sent shutdown HTTP message to process '24464' and received http status '202'.</Data></EventData></Event><Event><System><Provider Name="HttpPlatformHandler"/><EventID>2000</EventID><Level>4</Level><Task>0</Task><Keywords>Keywords</Keywords><TimeCreated SystemTime="2018-12-09T13:48:07Z"/><EventRecordID>-1428202671</EventRecordID><Channel>Application</Channel><Computer>RD0003FF18F3FB</Computer><Security/></System><EventData><Data>APPLICATION_MANAGER::~APPLICATION_MANAGER | this=04E25128 [TID 5076] [PID 34468]</Data></EventData></Event><Event><System><Provider Name="IIS AspNetCore Module"/><EventID>1001</EventID><Level>4</Level><Task>0</Task><Keywords>Keywords</Keywords><TimeCreated SystemTime="2018-12-09T13:50:15Z"/><EventRecordID>-1428074687</EventRecordID><Channel>Application</Channel><Computer>RD0003FF18F3FB</Computer><Security/></System><EventData><Data>Application 'MACHINE/WEBROOT/APPHOST/FTWORKOUTAPI' started process '7860' successfully and is listening on port '5202'.</Data></EventData></Event><Event><System><Provider Name="IIS AspNetCore Module"/><EventID>1006</EventID><Level>4</Level><Task>0</Task><Keywords>Keywords</Keywords><TimeCreated SystemTime="2018-12-09T14:25:13Z"/><EventRecordID>-1425977000</EventRecordID><Channel>Application</Channel><Computer>RD0003FF18F3FB</Computer><Security/></System><EventData><Data>Sent shutdown HTTP message to process '7860' and received http status '202'.</Data></EventData></Event><Event><System><Provider Name="HttpPlatformHandler"/><EventID>2000</EventID><Level>4</Level><Task>0</Task><Keywords>Keywords</Keywords><TimeCreated SystemTime="2018-12-09T14:25:13Z"/><EventRecordID>-1425976765</EventRecordID><Channel>Application</Channel><Computer>RD0003FF18F3FB</Computer><Security/></System><EventData><Data>APPLICATION_MANAGER::~APPLICATION_MANAGER | this=057F42C0 [TID 29924] [PID 29168]</Data></EventData></Event><Event><System><Provider Name="IIS AspNetCore Module"/><EventID>1001</EventID><Level>4</Level><Task>0</Task><Keywords>Keywords</Keywords><TimeCreated SystemTime="2018-12-09T14:42:34Z"/><EventRecordID>-1424936046</EventRecordID><Channel>Application</Channel><Computer>RD0003FF18F3FB</Computer><Security/></System><EventData><Data>Application 'MACHINE/WEBROOT/APPHOST/FTWORKOUTAPI' started process '29332' successfully and is listening on port '31880'.</Data></EventData></Event><Event><System><Provider Name="IIS AspNetCore Module"/><EventID>1006</EventID><Level>4</Level><Task>0</Task><Keywords>Keywords</Keywords><TimeCreated SystemTime="2018-12-09T15:42:32Z"/><EventRecordID>-1421338109</EventRecordID><Channel>Application</Channel><Computer>RD0003FF18F3FB</Computer><Security/></System><EventData><Data>Sent shutdown HTTP message to process '29332' and received http status '202'.</Data></EventData></Event><Event><System><Provider Name="HttpPlatformHandler"/><EventID>2000</EventID><Level>4</Level><Task>0</Task><Keywords>Keywords</Keywords><TimeCreated SystemTime="2018-12-09T15:42:32Z"/><EventRecordID>-1421337890</EventRecordID><Channel>Application</Channel><Computer>RD0003FF18F3FB</Computer><Security/></System><EventData><Data>APPLICATION_MANAGER::~APPLICATION_MANAGER | this=05633CD8 [TID 27896] [PID 33344]</Data></EventData></Event><Event><System><Provider Name="HttpPlatformHandler"/><EventID>2000</EventID><Level>4</Level><Task>0</Task><Keywords>Keywords</Keywords><TimeCreated SystemTime="2018-12-09T18:37:20Z"/><EventRecordID>-1410850468</EventRecordID><Channel>Application</Channel><Computer>RD0003FF18F3FB</Computer><Security/></System><EventData><Data>APPLICATION_MANAGER::~APPLICATION_MANAGER | this=00CE6CE8 [TID 35424] [PID 32140]</Data></EventData></Event><Event><System><Provider Name="HttpPlatformHandler"/><EventID>2000</EventID><Level>4</Level><Task>0</Task><Keywords>Keywords</Keywords><TimeCreated SystemTime="2018-12-09T18:37:20Z"/><EventRecordID>-1410850171</EventRecordID><Channel>Application</Channel><Computer>RD0003FF18F3FB</Computer><Security/></System><EventData><Data>APPLICATION_MANAGER::~APPLICATION_MANAGER | this=04FCEF00 [TID 10144] [PID 17456]</Data></EventData></Event><Event><System><Provider Name="HttpPlatformHandler"/><EventID>2000</EventID><Level>4</Level><Task>0</Task><Keywords>Keywords</Keywords><TimeCreated SystemTime="2018-12-09T18:37:46Z"/><EventRecordID>-1410823750</EventRecordID><Channel>Application</Channel><Computer>RD0003FF18F3FB</Computer><Security/></System><EventData><Data>APPLICATION_MANAGER::~APPLICATION_MANAGER | this=053A8118 [TID 16392] [PID 32584]</Data></EventData></Event><Event><System><Provider Name="HttpPlatformHandler"/><EventID>2000</EventID><Level>4</Level><Task>0</Task><Keywords>Keywords</Keywords><TimeCreated SystemTime="2018-12-09T18:43:57Z"/><EventRecordID>-1410453390</EventRecordID><Channel>Application</Channel><Computer>RD0003FF18F3FB</Computer><Security/></System><EventData><Data>Change in global configuration [TID 25820] [PID 8676]</Data></EventData></Event><Event><System><Provider Name="HttpPlatformHandler"/><EventID>2000</EventID><Level>4</Level><Task>0</Task><Keywords>Keywords</Keywords><TimeCreated SystemTime="2018-12-09T18:43:57Z"/><EventRecordID>-1410453375</EventRecordID><Channel>Application</Channel><Computer>RD0003FF18F3FB</Computer><Security/></System><EventData><Data>Global configuration changed. Change path: MACHINE/WEBROOT/APPHOST/FTWORKOUTAPI, ApplicationManager: 00CDE7C8 [TID 25820] [PID 8676]</Data></EventData></Event><Event><System><Provider Name="HttpPlatformHandler"/><EventID>2000</EventID><Level>4</Level><Task>0</Task><Keywords>Keywords</Keywords><TimeCreated SystemTime="2018-12-09T18:43:57Z"/><EventRecordID>-1410453359</EventRecordID><Channel>Application</Channel><Computer>RD0003FF18F3FB</Computer><Security/></System><EventData><Data>Recycling application MACHINE/WEBROOT/APPHOST/FTWORKOUTAPI [TID 25820] [PID 8676]</Data></EventData></Event><Event><System><Provider Name="HttpPlatformHandler"/><EventID>2000</EventID><Level>4</Level><Task>0</Task><Keywords>Keywords</Keywords><TimeCreated SystemTime="2018-12-09T18:50:15Z"/><EventRecordID>-1410075250</EventRecordID><Channel>Application</Channel><Computer>RD0003FF18F3FB</Computer><Security/></System><EventData><Data>APPLICATION_MANAGER::~APPLICATION_MANAGER | this=00CDE7C8 [TID 32616] [PID 8676]</Data></EventData></Event><Event><System><Provider Name="HttpPlatformHandler"/><EventID>2000</EventID><Level>4</Level><Task>0</Task><Keywords>Keywords</Keywords><TimeCreated SystemTime="2018-12-09T18:50:16Z"/><EventRecordID>-1410074515</EventRecordID><Channel>Application</Channel><Computer>RD0003FF18F3FB</Computer><Security/></System><EventData><Data>APPLICATION_MANAGER::~APPLICATION_MANAGER | this=008DE808 [TID 17852] [PID 17248]</Data></EventData></Event><Event><System><Provider Name="HttpPlatformHandler"/><EventID>2000</EventID><Level>4</Level><Task>0</Task><Keywords>Keywords</Keywords><TimeCreated SystemTime="2018-12-09T20:23:57Z"/><EventRecordID>-1404453234</EventRecordID><Channel>Application</Channel><Computer>RD0003FF18F3FB</Computer><Security/></System><EventData><Data>APPLICATION_MANAGER::~APPLICATION_MANAGER | this=05794A18 [TID 6988] [PID 36512]</Data></EventData></Event><Event><System><Provider Name="HttpPlatformHandler"/><EventID>2000</EventID><Level>4</Level><Task>0</Task><Keywords>Keywords</Keywords><TimeCreated SystemTime="2018-12-09T20:23:58Z"/><EventRecordID>-1404451968</EventRecordID><Channel>Application</Channel><Computer>RD0003FF18F3FB</Computer><Security/></System><EventData><Data>APPLICATION_MANAGER::~APPLICATION_MANAGER | this=0576BD28 [TID 26832] [PID 9688]</Data></EventData></Event><Event><System><Provider Name="HttpPlatformHandler"/><EventID>2000</EventID><Level>4</Level><Task>0</Task><Keywords>Keywords</Keywords><TimeCreated SystemTime="2018-12-09T20:45:28Z"/><EventRecordID>-1403162515</EventRecordID><Channel>Application</Channel><Computer>RD0003FF18F3FB</Computer><Security/></System><EventData><Data>APPLICATION_MANAGER::~APPLICATION_MANAGER | this=04E705C8 [TID 29532] [PID 31756]</Data></EventData></Event><Event><System><Provider Name="HttpPlatformHandler"/><EventID>2000</EventID><Level>4</Level><Task>0</Task><Keywords>Keywords</Keywords><TimeCreated SystemTime="2018-12-09T20:52:24Z"/><EventRecordID>-1402746609</EventRecordID><Channel>Application</Channel><Computer>RD0003FF18F3FB</Computer><Security/></System><EventData><Data>APPLICATION_MANAGER::~APPLICATION_MANAGER | this=04FF5450 [TID 28616] [PID 14656]</Data></EventData></Event><Event><System><Provider Name="HttpPlatformHandler"/><EventID>2000</EventID><Level>4</Level><Task>0</Task><Keywords>Keywords</Keywords><TimeCreated SystemTime="2018-12-09T21:23:44Z"/><EventRecordID>-1400866250</EventRecordID><Channel>Application</Channel><Computer>RD0003FF18F3FB</Computer><Security/></System><EventData><Data>Change in global configuration [TID 22956] [PID 24320]</Data></EventData></Event><Event><System><Provider Name="HttpPlatformHandler"/><EventID>2000</EventID><Level>4</Level><Task>0</Task><Keywords>Keywords</Keywords><TimeCreated SystemTime="2018-12-09T21:23:44Z"/><EventRecordID>-1400866218</EventRecordID><Channel>Application</Channel><Computer>RD0003FF18F3FB</Computer><Security/></System><EventData><Data>Global configuration changed. Change path: MACHINE/WEBROOT/APPHOST/FTWORKOUTAPI, ApplicationManager: 0507DE40 [TID 22956] [PID 24320]</Data></EventData></Event><Event><System><Provider Name="HttpPlatformHandler"/><EventID>2000</EventID><Level>4</Level><Task>0</Task><Keywords>Keywords</Keywords><TimeCreated SystemTime="2018-12-09T21:23:44Z"/><EventRecordID>-1400866203</EventRecordID><Channel>Application</Channel><Computer>RD0003FF18F3FB</Computer><Security/></System><EventData><Data>Recycling application MACHINE/WEBROOT/APPHOST/FTWORKOUTAPI [TID 22956] [PID 24320]</Data></EventData></Event><Event><System><Provider Name="HttpPlatformHandler"/><EventID>2000</EventID><Level>4</Level><Task>0</Task><Keywords>Keywords</Keywords><TimeCreated SystemTime="2018-12-09T21:23:44Z"/><EventRecordID>-1400866187</EventRecordID><Channel>Application</Channel><Computer>RD0003FF18F3FB</Computer><Security/></System><EventData><Data>Change in global configuration [TID 22956] [PID 24320]</Data></EventData></Event><Event><System><Provider Name="HttpPlatformHandler"/><EventID>2000</EventID><Level>4</Level><Task>0</Task><Keywords>Keywords</Keywords><TimeCreated SystemTime="2018-12-09T21:23:44Z"/><EventRecordID>-1400866171</EventRecordID><Channel>Application</Channel><Computer>RD0003FF18F3FB</Computer><Security/></System><EventData><Data>Global configuration changed. Change path: MACHINE/WEBROOT/APPHOST/FTWORKOUTAPI, ApplicationManager: 0507DE40 [TID 22956] [PID 24320]</Data></EventData></Event><Event><System><Provider Name="HttpPlatformHandler"/><EventID>2000</EventID><Level>4</Level><Task>0</Task><Keywords>Keywords</Keywords><TimeCreated SystemTime="2018-12-09T21:23:44Z"/><EventRecordID>-1400866156</EventRecordID><Channel>Application</Channel><Computer>RD0003FF18F3FB</Computer><Security/></System><EventData><Data>Recycling application MACHINE/WEBROOT/APPHOST/FTWORKOUTAPI [TID 22956] [PID 24320]</Data></EventData></Event><Event><System><Provider Name="HttpPlatformHandler"/><EventID>2000</EventID><Level>4</Level><Task>0</Task><Keywords>Keywords</Keywords><TimeCreated SystemTime="2018-12-09T21:23:44Z"/><EventRecordID>-1400866140</EventRecordID><Channel>Application</Channel><Computer>RD0003FF18F3FB</Computer><Security/></System><EventData><Data>Change in global configuration [TID 22956] [PID 24320]</Data></EventData></Event><Event><System><Provider Name="HttpPlatformHandler"/><EventID>2000</EventID><Level>4</Level><Task>0</Task><Keywords>Keywords</Keywords><TimeCreated SystemTime="2018-12-09T21:23:44Z"/><EventRecordID>-1400866125</EventRecordID><Channel>Application</Channel><Computer>RD0003FF18F3FB</Computer><Security/></System><EventData><Data>Global configuration changed. Change path: MACHINE/WEBROOT/APPHOST/~1FTWORKOUTAPI, ApplicationManager: 0507DE40 [TID 22956] [PID 24320]</Data></EventData></Event><Event><System><Provider Name="HttpPlatformHandler"/><EventID>2000</EventID><Level>4</Level><Task>0</Task><Keywords>Keywords</Keywords><TimeCreated SystemTime="2018-12-09T21:23:44Z"/><EventRecordID>-1400866109</EventRecordID><Channel>Application</Channel><Computer>RD0003FF18F3FB</Computer><Security/></System><EventData><Data>Recycling application MACHINE/WEBROOT/APPHOST/~1FTWORKOUTAPI [TID 22956] [PID 24320]</Data></EventData></Event><Event><System><Provider Name="HttpPlatformHandler"/><EventID>2000</EventID><Level>4</Level><Task>0</Task><Keywords>Keywords</Keywords><TimeCreated SystemTime="2018-12-09T21:23:44Z"/><EventRecordID>-1400866093</EventRecordID><Channel>Application</Channel><Computer>RD0003FF18F3FB</Computer><Security/></System><EventData><Data>Change in global configuration [TID 22956] [PID 24320]</Data></EventData></Event><Event><System><Provider Name="HttpPlatformHandler"/><EventID>2000</EventID><Level>4</Level><Task>0</Task><Keywords>Keywords</Keywords><TimeCreated SystemTime="2018-12-09T21:23:44Z"/><EventRecordID>-1400866078</EventRecordID><Channel>Application</Channel><Computer>RD0003FF18F3FB</Computer><Security/></System><EventData><Data>Global configuration changed. Change path: MACHINE/WEBROOT/APPHOST/~1FTWORKOUTAPI, ApplicationManager: 0507DE40 [TID 22956] [PID 24320]</Data></EventData></Event><Event><System><Provider Name="HttpPlatformHandler"/><EventID>2000</EventID><Level>4</Level><Task>0</Task><Keywords>Keywords</Keywords><TimeCreated SystemTime="2018-12-09T21:23:44Z"/><EventRecordID>-1400866046</EventRecordID><Channel>Application</Channel><Computer>RD0003FF18F3FB</Computer><Security/></System><EventData><Data>Recycling application MACHINE/WEBROOT/APPHOST/~1FTWORKOUTAPI [TID 22956] [PID 24320]</Data></EventData></Event><Event><System><Provider Name="HttpPlatformHandler"/><EventID>2000</EventID><Level>4</Level><Task>0</Task><Keywords>Keywords</Keywords><TimeCreated SystemTime="2018-12-09T21:23:45Z"/><EventRecordID>-1400865046</EventRecordID><Channel>Application</Channel><Computer>RD0003FF18F3FB</Computer><Security/></System><EventData><Data>Change in global configuration [TID 18204] [PID 7344]</Data></EventData></Event><Event><System><Provider Name="HttpPlatformHandler"/><EventID>2000</EventID><Level>4</Level><Task>0</Task><Keywords>Keywords</Keywords><TimeCreated SystemTime="2018-12-09T21:23:45Z"/><EventRecordID>-1400865031</EventRecordID><Channel>Application</Channel><Computer>RD0003FF18F3FB</Computer><Security/></System><EventData><Data>Global configuration changed. Change path: MACHINE/WEBROOT/APPHOST/FTWORKOUTAPI, ApplicationManager: 04E2F3A8 [TID 18204] [PID 7344]</Data></EventData></Event><Event><System><Provider Name="HttpPlatformHandler"/><EventID>2000</EventID><Level>4</Level><Task>0</Task><Keywords>Keywords</Keywords><TimeCreated SystemTime="2018-12-09T21:23:45Z"/><EventRecordID>-1400864984</EventRecordID><Channel>Application</Channel><Computer>RD0003FF18F3FB</Computer><Security/></System><EventData><Data>Recycling application MACHINE/WEBROOT/APPHOST/FTWORKOUTAPI [TID 18204] [PID 7344]</Data></EventData></Event><Event><System><Provider Name="HttpPlatformHandler"/><EventID>2000</EventID><Level>4</Level><Task>0</Task><Keywords>Keywords</Keywords><TimeCreated SystemTime="2018-12-09T21:23:45Z"/><EventRecordID>-1400864968</EventRecordID><Channel>Application</Channel><Computer>RD0003FF18F3FB</Computer><Security/></System><EventData><Data>Change in global configuration [TID 18204] [PID 7344]</Data></EventData></Event><Event><System><Provider Name="HttpPlatformHandler"/><EventID>2000</EventID><Level>4</Level><Task>0</Task><Keywords>Keywords</Keywords><TimeCreated SystemTime="2018-12-09T21:23:45Z"/><EventRecordID>-1400864937</EventRecordID><Channel>Application</Channel><Computer>RD0003FF18F3FB</Computer><Security/></System><EventData><Data>Global configuration changed. Change path: MACHINE/WEBROOT/APPHOST/FTWORKOUTAPI, ApplicationManager: 04E2F3A8 [TID 18204] [PID 7344]</Data></EventData></Event><Event><System><Provider Name="HttpPlatformHandler"/><EventID>2000</EventID><Level>4</Level><Task>0</Task><Keywords>Keywords</Keywords><TimeCreated SystemTime="2018-12-09T21:23:45Z"/><EventRecordID>-1400864921</EventRecordID><Channel>Application</Channel><Computer>RD0003FF18F3FB</Computer><Security/></System><EventData><Data>Recycling application MACHINE/WEBROOT/APPHOST/FTWORKOUTAPI [TID 18204] [PID 7344]</Data></EventData></Event><Event><System><Provider Name="HttpPlatformHandler"/><EventID>2000</EventID><Level>4</Level><Task>0</Task><Keywords>Keywords</Keywords><TimeCreated SystemTime="2018-12-09T21:23:46Z"/><EventRecordID>-1400864906</EventRecordID><Channel>Application</Channel><Computer>RD0003FF18F3FB</Computer><Security/></System><EventData><Data>Change in global configuration [TID 18204] [PID 7344]</Data></EventData></Event><Event><System><Provider Name="HttpPlatformHandler"/><EventID>2000</EventID><Level>4</Level><Task>0</Task><Keywords>Keywords</Keywords><TimeCreated SystemTime="2018-12-09T21:23:46Z"/><EventRecordID>-1400864890</EventRecordID><Channel>Application</Channel><Computer>RD0003FF18F3FB</Computer><Security/></System><EventData><Data>Global configuration changed. Change path: MACHINE/WEBROOT/APPHOST/~1FTWORKOUTAPI, ApplicationManager: 04E2F3A8 [TID 18204] [PID 7344]</Data></EventData></Event><Event><System><Provider Name="HttpPlatformHandler"/><EventID>2000</EventID><Level>4</Level><Task>0</Task><Keywords>Keywords</Keywords><TimeCreated SystemTime="2018-12-09T21:23:46Z"/><EventRecordID>-1400864875</EventRecordID><Channel>Application</Channel><Computer>RD0003FF18F3FB</Computer><Security/></System><EventData><Data>Recycling application MACHINE/WEBROOT/APPHOST/~1FTWORKOUTAPI [TID 18204] [PID 7344]</Data></EventData></Event><Event><System><Provider Name="HttpPlatformHandler"/><EventID>2000</EventID><Level>4</Level><Task>0</Task><Keywords>Keywords</Keywords><TimeCreated SystemTime="2018-12-09T21:23:46Z"/><EventRecordID>-1400864859</EventRecordID><Channel>Application</Channel><Computer>RD0003FF18F3FB</Computer><Security/></System><EventData><Data>Change in global configuration [TID 18204] [PID 7344]</Data></EventData></Event><Event><System><Provider Name="HttpPlatformHandler"/><EventID>2000</EventID><Level>4</Level><Task>0</Task><Keywords>Keywords</Keywords><TimeCreated SystemTime="2018-12-09T21:23:46Z"/><EventRecordID>-1400864843</EventRecordID><Channel>Application</Channel><Computer>RD0003FF18F3FB</Computer><Security/></System><EventData><Data>Global configuration changed. Change path: MACHINE/WEBROOT/APPHOST/~1FTWORKOUTAPI, ApplicationManager: 04E2F3A8 [TID 18204] [PID 7344]</Data></EventData></Event><Event><System><Provider Name="HttpPlatformHandler"/><EventID>2000</EventID><Level>4</Level><Task>0</Task><Keywords>Keywords</Keywords><TimeCreated SystemTime="2018-12-09T21:23:46Z"/><EventRecordID>-1400864828</EventRecordID><Channel>Application</Channel><Computer>RD0003FF18F3FB</Computer><Security/></System><EventData><Data>Recycling application MACHINE/WEBROOT/APPHOST/~1FTWORKOUTAPI [TID 18204] [PID 7344]</Data></EventData></Event><Event><System><Provider Name="W3SVC-WP"/><EventID>2303</EventID><Level>2</Level><Task>0</Task><Keywords>Keywords</Keywords><TimeCreated SystemTime="2018-12-09T21:23:46Z"/><EventRecordID>-1400864015</EventRecordID><Channel>Application</Channel><Computer>RD0003FF18F3FB</Computer><Security/></System><EventData><Data>FTWorkoutAPI</Data><Binary>02000780</Binary></EventData></Event><Event><System><Provider Name="W3SVC-WP"/><EventID>2303</EventID><Level>2</Level><Task>0</Task><Keywords>Keywords</Keywords><TimeCreated SystemTime="2018-12-09T21:23:46Z"/><EventRecordID>-1400864000</EventRecordID><Channel>Application</Channel><Computer>RD0003FF18F3FB</Computer><Security/></System><EventData><Data>FTWorkoutAPI</Data><Binary>02000780</Binary></EventData></Event><Event><System><Provider Name="HttpPlatformHandler"/><EventID>2000</EventID><Level>4</Level><Task>0</Task><Keywords>Keywords</Keywords><TimeCreated SystemTime="2018-12-09T21:23:57Z"/><EventRecordID>-1400853906</EventRecordID><Channel>Application</Channel><Computer>RD0003FF18F3FB</Computer><Security/></System><EventData><Data>APPLICATION_MANAGER::~APPLICATION_MANAGER | this=0507DE40 [TID 34172] [PID 24320]</Data></EventData></Event><Event><System><Provider Name="HttpPlatformHandler"/><EventID>2000</EventID><Level>4</Level><Task>0</Task><Keywords>Keywords</Keywords><TimeCreated SystemTime="2018-12-09T21:24:13Z"/><EventRecordID>-1400837687</EventRecordID><Channel>Application</Channel><Computer>RD0003FF18F3FB</Computer><Security/></System><EventData><Data>APPLICATION_MANAGER::~APPLICATION_MANAGER | this=04E2F3A8 [TID 18204] [PID 7344]</Data></EventData></Event><Event><System><Provider Name="W3SVC-WP"/><EventID>2282</EventID><Level>1</Level><Task>0</Task><Keywords>Keywords</Keywords><TimeCreated SystemTime="2018-12-09T21:53:45Z"/><EventRecordID>-1399065875</EventRecordID><Channel>Application</Channel><Computer>RD0003FF18F3FB</Computer><Security/></System><EventData><Data>D:\home\SiteExtensions\AspNetCoreRuntime.2.2.x64\ancm\aspnetcorev2.dll</Data><Data>x86</Data><Binary>C1000000</Binary></EventData></Event><Event><System><Provider Name="HttpPlatformHandler"/><EventID>2000</EventID><Level>4</Level><Task>0</Task><Keywords>Keywords</Keywords><TimeCreated SystemTime="2018-12-09T21:53:45Z"/><EventRecordID>-1399065750</EventRecordID><Channel>Application</Channel><Computer>RD0003FF18F3FB</Computer><Security/></System><EventData><Data>APPLICATION_MANAGER::~APPLICATION_MANAGER | this=04E72AE0 [TID 11252] [PID 19428]</Data></EventData></Event><Event><System><Provider Name="W3SVC-WP"/><EventID>2282</EventID><Level>1</Level><Task>0</Task><Keywords>Keywords</Keywords><TimeCreated SystemTime="2018-12-09T21:53:46Z"/><EventRecordID>-1399064656</EventRecordID><Channel>Application</Channel><Computer>RD0003FF18F3FB</Computer><Security/></System><EventData><Data>D:\home\SiteExtensions\AspNetCoreRuntime.2.2.x64\ancm\aspnetcorev2.dll</Data><Data>x86</Data><Binary>C1000000</Binary></EventData></Event><Event><System><Provider Name="HttpPlatformHandler"/><EventID>2000</EventID><Level>4</Level><Task>0</Task><Keywords>Keywords</Keywords><TimeCreated SystemTime="2018-12-09T21:53:46Z"/><EventRecordID>-1399064515</EventRecordID><Channel>Application</Channel><Computer>RD0003FF18F3FB</Computer><Security/></System><EventData><Data>APPLICATION_MANAGER::~APPLICATION_MANAGER | this=04E72AB0 [TID 4656] [PID 19428]</Data></EventData></Event><Event><System><Provider Name="W3SVC-WP"/><EventID>2282</EventID><Level>1</Level><Task>0</Task><Keywords>Keywords</Keywords><TimeCreated SystemTime="2018-12-09T21:53:48Z"/><EventRecordID>-1399062125</EventRecordID><Channel>Application</Channel><Computer>RD0003FF18F3FB</Computer><Security/></System><EventData><Data>D:\home\SiteExtensions\AspNetCoreRuntime.2.2.x64\ancm\aspnetcorev2.dll</Data><Data>x86</Data><Binary>C1000000</Binary></EventData></Event><Event><System><Provider Name="HttpPlatformHandler"/><EventID>2000</EventID><Level>4</Level><Task>0</Task><Keywords>Keywords</Keywords><TimeCreated SystemTime="2018-12-09T21:53:49Z"/><EventRecordID>-1399061968</EventRecordID><Channel>Application</Channel><Computer>RD0003FF18F3FB</Computer><Security/></System><EventData><Data>APPLICATION_MANAGER::~APPLICATION_MANAGER | this=05BD3858 [TID 24276] [PID 35996]</Data></EventData></Event><Event><System><Provider Name="W3SVC-WP"/><EventID>2282</EventID><Level>1</Level><Task>0</Task><Keywords>Keywords</Keywords><TimeCreated SystemTime="2018-12-09T21:53:50Z"/><EventRecordID>-1399060859</EventRecordID><Channel>Application</Channel><Computer>RD0003FF18F3FB</Computer><Security/></System><EventData><Data>D:\home\SiteExtensions\AspNetCoreRuntime.2.2.x64\ancm\aspnetcorev2.dll</Data><Data>x86</Data><Binary>C1000000</Binary></EventData></Event><Event><System><Provider Name="HttpPlatformHandler"/><EventID>2000</EventID><Level>4</Level><Task>0</Task><Keywords>Keywords</Keywords><TimeCreated SystemTime="2018-12-09T21:53:50Z"/><EventRecordID>-1399060734</EventRecordID><Channel>Application</Channel><Computer>RD0003FF18F3FB</Computer><Security/></System><EventData><Data>APPLICATION_MANAGER::~APPLICATION_MANAGER | this=05BD3768 [TID 24276] [PID 35996]</Data></EventData></Event><Event><System><Provider Name="HttpPlatformHandler"/><EventID>2000</EventID><Level>4</Level><Task>0</Task><Keywords>Keywords</Keywords><TimeCreated SystemTime="2018-12-09T21:54:21Z"/><EventRecordID>-1399029718</EventRecordID><Channel>Application</Channel><Computer>RD0003FF18F3FB</Computer><Security/></System><EventData><Data>APPLICATION_MANAGER::~APPLICATION_MANAGER | this=00C8E458 [TID 15656] [PID 29024]</Data></EventData></Event><Event><System><Provider Name="W3SVC-WP"/><EventID>2282</EventID><Level>1</Level><Task>0</Task><Keywords>Keywords</Keywords><TimeCreated SystemTime="2018-12-09T21:57:39Z"/><EventRecordID>-1398831906</EventRecordID><Channel>Application</Channel><Computer>RD0003FF18F3FB</Computer><Security/></System><EventData><Data>D:\home\SiteExtensions\AspNetCoreRuntime.2.2.x64\ancm\aspnetcorev2.dll</Data><Data>x86</Data><Binary>C1000000</Binary></EventData></Event><Event><System><Provider Name="HttpPlatformHandler"/><EventID>2000</EventID><Level>4</Level><Task>0</Task><Keywords>Keywords</Keywords><TimeCreated SystemTime="2018-12-09T21:57:39Z"/><EventRecordID>-1398831781</EventRecordID><Channel>Application</Channel><Computer>RD0003FF18F3FB</Computer><Security/></System><EventData><Data>APPLICATION_MANAGER::~APPLICATION_MANAGER | this=05252608 [TID 27948] [PID 34128]</Data></EventData></Event><Event><System><Provider Name="W3SVC-WP"/><EventID>2282</EventID><Level>1</Level><Task>0</Task><Keywords>Keywords</Keywords><TimeCreated SystemTime="2018-12-09T21:57:40Z"/><EventRecordID>-1398830656</EventRecordID><Channel>Application</Channel><Computer>RD0003FF18F3FB</Computer><Security/></System><EventData><Data>D:\home\SiteExtensions\AspNetCoreRuntime.2.2.x64\ancm\aspnetcorev2.dll</Data><Data>x86</Data><Binary>C1000000</Binary></EventData></Event><Event><System><Provider Name="HttpPlatformHandler"/><EventID>2000</EventID><Level>4</Level><Task>0</Task><Keywords>Keywords</Keywords><TimeCreated SystemTime="2018-12-09T21:57:40Z"/><EventRecordID>-1398830531</EventRecordID><Channel>Application</Channel><Computer>RD0003FF18F3FB</Computer><Security/></System><EventData><Data>APPLICATION_MANAGER::~APPLICATION_MANAGER | this=052525E8 [TID 26852] [PID 34128]</Data></EventData></Event><Event><System><Provider Name="W3SVC-WP"/><EventID>2282</EventID><Level>1</Level><Task>0</Task><Keywords>Keywords</Keywords><TimeCreated SystemTime="2018-12-09T21:57:43Z"/><EventRecordID>-1398827906</EventRecordID><Channel>Application</Channel><Computer>RD0003FF18F3FB</Computer><Security/></System><EventData><Data>D:\home\SiteExtensions\AspNetCoreRuntime.2.2.x64\ancm\aspnetcorev2.dll</Data><Data>x86</Data><Binary>C1000000</Binary></EventData></Event><Event><System><Provider Name="HttpPlatformHandler"/><EventID>2000</EventID><Level>4</Level><Task>0</Task><Keywords>Keywords</Keywords><TimeCreated SystemTime="2018-12-09T21:57:43Z"/><EventRecordID>-1398827781</EventRecordID><Channel>Application</Channel><Computer>RD0003FF18F3FB</Computer><Security/></System><EventData><Data>APPLICATION_MANAGER::~APPLICATION_MANAGER | this=04F0BD68 [TID 36156] [PID 15164]</Data></EventData></Event><Event><System><Provider Name="W3SVC-WP"/><EventID>2282</EventID><Level>1</Level><Task>0</Task><Keywords>Keywords</Keywords><TimeCreated SystemTime="2018-12-09T21:57:44Z"/><EventRecordID>-1398826671</EventRecordID><Channel>Application</Channel><Computer>RD0003FF18F3FB</Computer><Security/></System><EventData><Data>D:\home\SiteExtensions\AspNetCoreRuntime.2.2.x64\ancm\aspnetcorev2.dll</Data><Data>x86</Data><Binary>C1000000</Binary></EventData></Event><Event><System><Provider Name="HttpPlatformHandler"/><EventID>2000</EventID><Level>4</Level><Task>0</Task><Keywords>Keywords</Keywords><TimeCreated SystemTime="2018-12-09T21:57:44Z"/><EventRecordID>-1398826515</EventRecordID><Channel>Application</Channel><Computer>RD0003FF18F3FB</Computer><Security/></System><EventData><Data>APPLICATION_MANAGER::~APPLICATION_MANAGER | this=04F0BD68 [TID 36156] [PID 15164]</Data></EventData></Event><Event><System><Provider Name="HttpPlatformHandler"/><EventID>2000</EventID><Level>4</Level><Task>0</Task><Keywords>Keywords</Keywords><TimeCreated SystemTime="2018-12-09T21:59:21Z"/><EventRecordID>-1398729640</EventRecordID><Channel>Application</Channel><Computer>RD0003FF18F3FB</Computer><Security/></System><EventData><Data>APPLICATION_MANAGER::~APPLICATION_MANAGER | this=052947F8 [TID 13240] [PID 28296]</Data></EventData></Event></Events>
